ticker,sector,action,entry_price,stop_loss,take_profit,rr_ratio,shares,size_eur,risk_eur,weight_pct,score,quintile,confidence,z_score,viable,remaining_cash_after,notes
APP,Other,BUY,568.24,517.9764,668.7671,2.0,0.100041,56.84713375796178,5.03,8.12,100.0,5,HIGH,4.42,True,643.15,LONG HRP | z=4.4 | Other | SL=517.9764 TP=668.7671
DDOG,Other,BUY,233.52,214.0906,272.3788,2.0,0.434366,101.43312101910827,8.44,14.49,99.8,5,HIGH,4.17,True,541.72,LONG HRP | z=4.2 | Other | SL=214.0906 TP=272.3788
FTNT,Other,BUY,146.84,138.7866,162.9467,2.0,0.736319,108.12101910828025,5.93,15.45,99.6,5,HIGH,4.01,True,433.6,LONG HRP | z=4.0 | Other | SL=138.7866 TP=162.9467
WDAY,Other,BUY,144.86,132.9363,168.7073,2.0,0.900276,130.4140127388535,10.73,18.63,99.4,5,HIGH,3.81,True,303.18,LONG HRP | z=3.8 | Other | SL=132.9363 TP=168.7073
MGM,Other,BUY,47.39,44.7711,52.6279,2.0,2.352078,111.46496815286623,6.16,15.92,99.3,5,HIGH,3.76,True,191.72,LONG HRP | z=3.8 | Other | SL=44.7711 TP=52.6279
INTC,Tech,BUY,109.7999,96.7572,135.8852,2.0,0.68016,74.68152866242038,8.87,10.67,99.1,5,HIGH,3.59,True,117.04,LONG HRP | z=3.6 | Tech | SL=96.7572 TP=135.8852
AKAM,Other,BUY,147.43,136.027,170.236,2.0,0.793856,117.03821656050955,9.05,16.72,98.9,5,HIGH,3.36,True,0.0,LONG HRP | z=3.4 | Other | SL=136.027 TP=170.236
CBOE,,AVOID,277.06,0.0,0.0,0.0,0.0,0.0,0.0,0.0,0.2,1,HIGH,3.6,,,SHORT/SKIP | z=3.6
ALB,,AVOID,153.26,0.0,0.0,0.0,0.0,0.0,0.0,0.0,0.4,1,HIGH,2.86,,,SHORT/SKIP | z=2.9
NVR,,AVOID,6237.6602,0.0,0.0,0.0,0.0,0.0,0.0,0.0,0.6,1,HIGH,2.51,,,SHORT/SKIP | z=2.5
BITO,,AVOID,8.705,0.0,0.0,0.0,0.0,0.0,0.0,0.0,0.7,1,HIGH,2.43,,,SHORT/SKIP | z=2.4
WMT,,AVOID,119.765,0.0,0.0,0.0,0.0,0.0,0.0,0.0,0.9,1,HIGH,2.25,,,SHORT/SKIP | z=2.2
IBIT,,AVOID,36.2,0.0,0.0,0.0,0.0,0.0,0.0,0.0,1.1,1,HIGH,2.21,,,SHORT/SKIP | z=2.2
FBTC,,AVOID,55.605,0.0,0.0,0.0,0.0,0.0,0.0,0.0,1.3,1,HIGH,2.05,,,SHORT/SKIP | z=2.0
ZTS,,AVOID,78.73,0.0,0.0,0.0,0.0,0.0,0.0,0.0,1.5,1,HIGH,1.93,,,SHORT/SKIP | z=1.9
KLAC,,AVOID,2064.3301,0.0,0.0,0.0,0.0,0.0,0.0,0.0,1.7,1,HIGH,1.89,,,SHORT/SKIP | z=1.9
COO,,AVOID,67.925,0.0,0.0,0.0,0.0,0.0,0.0,0.0,1.9,1,HIGH,1.86,,,SHORT/SKIP | z=1.9
HCA,,AVOID,363.88,0.0,0.0,0.0,0.0,0.0,0.0,0.0,2.1,1,HIGH,1.8,,,SHORT/SKIP | z=1.8
LMT,,AVOID,524.455,0.0,0.0,0.0,0.0,0.0,0.0,0.0,2.2,1,HIGH,1.78,,,SHORT/SKIP | z=1.8
HSIC,,AVOID,77.975,0.0,0.0,0.0,0.0,0.0,0.0,0.0,2.4,1,HIGH,1.71,,,SHORT/SKIP | z=1.7
REGN,,AVOID,623.925,0.0,0.0,0.0,0.0,0.0,0.0,0.0,2.6,1,HIGH,1.71,,,SHORT/SKIP | z=1.7
IBM,,AVOID,285.15,0.0,0.0,0.0,0.0,0.0,0.0,0.0,2.8,1,HIGH,1.69,,,SHORT/SKIP | z=1.7
LHX,,AVOID,305.9,0.0,0.0,0.0,0.0,0.0,0.0,0.0,3.0,1,HIGH,1.59,,,SHORT/SKIP | z=1.6
ELV,,AVOID,415.705,0.0,0.0,0.0,0.0,0.0,0.0,0.0,3.2,1,HIGH,1.59,,,SHORT/SKIP | z=1.6
AES,,AVOID,14.7032,0.0,0.0,0.0,0.0,0.0,0.0,0.0,3.4,1,HIGH,1.52,,,SHORT/SKIP | z=1.5
CME,,AVOID,251.53,0.0,0.0,0.0,0.0,0.0,0.0,0.0,3.6,1,HIGH,1.52,,,SHORT/SKIP | z=1.5
UPS,,AVOID,108.67,0.0,0.0,0.0,0.0,0.0,0.0,0.0,3.7,1,HIGH,1.51,,,SHORT/SKIP | z=1.5
ODFL,,AVOID,249.86,0.0,0.0,0.0,0.0,0.0,0.0,0.0,3.9,1,HIGH,1.51,,,SHORT/SKIP | z=1.5
DHR,,AVOID,185.49,0.0,0.0,0.0,0.0,0.0,0.0,0.0,4.1,1,MED,1.48,,,SHORT/SKIP | z=1.5
VTR,,AVOID,80.89,0.0,0.0,0.0,0.0,0.0,0.0,0.0,4.3,1,MED,1.48,,,SHORT/SKIP | z=1.5
ZBH,,AVOID,87.89,0.0,0.0,0.0,0.0,0.0,0.0,0.0,4.5,1,MED,1.47,,,SHORT/SKIP | z=1.5
WFC,,AVOID,81.935,0.0,0.0,0.0,0.0,0.0,0.0,0.0,4.7,1,MED,1.46,,,SHORT/SKIP | z=1.5
PNR,,AVOID,73.41,0.0,0.0,0.0,0.0,0.0,0.0,0.0,4.9,1,MED,1.43,,,SHORT/SKIP | z=1.4
ABT,,AVOID,91.03,0.0,0.0,0.0,0.0,0.0,0.0,0.0,5.0,1,MED,1.41,,,SHORT/SKIP | z=1.4
CAH,,AVOID,205.14,0.0,0.0,0.0,0.0,0.0,0.0,0.0,5.2,1,MED,1.34,,,SHORT/SKIP | z=1.3
TJX,,AVOID,161.87,0.0,0.0,0.0,0.0,0.0,0.0,0.0,5.4,1,MED,1.29,,,SHORT/SKIP | z=1.3
APH,,AVOID,142.985,0.0,0.0,0.0,0.0,0.0,0.0,0.0,5.6,1,MED,1.24,,,SHORT/SKIP | z=1.2
NOC,,AVOID,541.95,0.0,0.0,0.0,0.0,0.0,0.0,0.0,5.8,1,MED,1.24,,,SHORT/SKIP | z=1.2
STT,,AVOID,162.62,0.0,0.0,0.0,0.0,0.0,0.0,0.0,6.0,1,MED,1.2,,,SHORT/SKIP | z=1.2
BNY,,AVOID,142.66,0.0,0.0,0.0,0.0,0.0,0.0,0.0,6.2,1,MED,1.19,,,SHORT/SKIP | z=1.2
TMO,,AVOID,474.9,0.0,0.0,0.0,0.0,0.0,0.0,0.0,6.4,1,MED,1.13,,,SHORT/SKIP | z=1.1
MCK,,AVOID,772.45,0.0,0.0,0.0,0.0,0.0,0.0,0.0,6.5,1,MED,1.13,,,SHORT/SKIP | z=1.1
COST,,AVOID,975.55,0.0,0.0,0.0,0.0,0.0,0.0,0.0,6.7,1,MED,1.12,,,SHORT/SKIP | z=1.1
ROST,,AVOID,230.585,0.0,0.0,0.0,0.0,0.0,0.0,0.0,6.9,1,MED,1.11,,,SHORT/SKIP | z=1.1
SBUX,,AVOID,95.18,0.0,0.0,0.0,0.0,0.0,0.0,0.0,7.1,1,MED,1.11,,,SHORT/SKIP | z=1.1
D,,AVOID,66.83,0.0,0.0,0.0,0.0,0.0,0.0,0.0,7.3,1,MED,1.11,,,SHORT/SKIP | z=1.1
LLY,,AVOID,1173.0,0.0,0.0,0.0,0.0,0.0,0.0,0.0,7.5,1,MED,1.11,,,SHORT/SKIP | z=1.1
MSCI,,AVOID,607.74,0.0,0.0,0.0,0.0,0.0,0.0,0.0,7.7,1,MED,1.1,,,SHORT/SKIP | z=1.1
CTAS,,AVOID,177.66,0.0,0.0,0.0,0.0,0.0,0.0,0.0,7.9,1,MED,1.1,,,SHORT/SKIP | z=1.1
BLK,,AVOID,997.635,0.0,0.0,0.0,0.0,0.0,0.0,0.0,8.0,1,MED,1.08,,,SHORT/SKIP | z=1.1
NTRS,,AVOID,170.56,0.0,0.0,0.0,0.0,0.0,0.0,0.0,8.2,1,MED,1.07,,,SHORT/SKIP | z=1.1
JNJ,,AVOID,232.73,0.0,0.0,0.0,0.0,0.0,0.0,0.0,8.4,1,MED,1.06,,,SHORT/SKIP | z=1.1
RTX,,AVOID,180.21,0.0,0.0,0.0,0.0,0.0,0.0,0.0,8.6,1,MED,1.03,,,SHORT/SKIP | z=1.0
UHS,,AVOID,141.76,0.0,0.0,0.0,0.0,0.0,0.0,0.0,8.8,1,MED,1.0,,,SHORT/SKIP | z=1.0
XYL,,AVOID,110.52,0.0,0.0,0.0,0.0,0.0,0.0,0.0,9.0,1,MED,0.99,,,SHORT/SKIP | z=1.0
AJG,,AVOID,214.12,0.0,0.0,0.0,0.0,0.0,0.0,0.0,9.2,1,MED,0.94,,,SHORT/SKIP | z=0.9
NEE,,AVOID,85.55,0.0,0.0,0.0,0.0,0.0,0.0,0.0,9.3,1,MED,0.92,,,SHORT/SKIP | z=0.9
MCD,,AVOID,279.07,0.0,0.0,0.0,0.0,0.0,0.0,0.0,9.5,1,MED,0.92,,,SHORT/SKIP | z=0.9
DGX,,AVOID,199.6,0.0,0.0,0.0,0.0,0.0,0.0,0.0,9.7,1,MED,0.91,,,SHORT/SKIP | z=0.9
DELL,,AVOID,397.02,0.0,0.0,0.0,0.0,0.0,0.0,0.0,9.9,1,MED,0.89,,,SHORT/SKIP | z=0.9
UNH,,AVOID,402.35,0.0,0.0,0.0,0.0,0.0,0.0,0.0,10.1,1,MED,0.88,,,SHORT/SKIP | z=0.9
FXI,,AVOID,34.895,0.0,0.0,0.0,0.0,0.0,0.0,0.0,10.3,1,MED,0.88,,,SHORT/SKIP | z=0.9
WM,,AVOID,219.905,0.0,0.0,0.0,0.0,0.0,0.0,0.0,10.5,1,MED,0.88,,,SHORT/SKIP | z=0.9
CBRE,,AVOID,132.42,0.0,0.0,0.0,0.0,0.0,0.0,0.0,10.7,1,MED,0.87,,,SHORT/SKIP | z=0.9
ACN,,AVOID,178.28,0.0,0.0,0.0,0.0,0.0,0.0,0.0,10.8,1,MED,0.87,,,SHORT/SKIP | z=0.9
AON,,AVOID,326.49,0.0,0.0,0.0,0.0,0.0,0.0,0.0,11.0,1,MED,0.87,,,SHORT/SKIP | z=0.9
URI,,AVOID,1083.5,0.0,0.0,0.0,0.0,0.0,0.0,0.0,11.2,1,MED,0.86,,,SHORT/SKIP | z=0.9
HLT,,AVOID,343.56,0.0,0.0,0.0,0.0,0.0,0.0,0.0,11.4,1,MED,0.85,,,SHORT/SKIP | z=0.8
ORCL,,AVOID,212.69,0.0,0.0,0.0,0.0,0.0,0.0,0.0,11.6,1,MED,0.84,,,SHORT/SKIP | z=0.8
IDXX,,AVOID,565.49,0.0,0.0,0.0,0.0,0.0,0.0,0.0,11.8,1,MED,0.83,,,SHORT/SKIP | z=0.8
MDT,,AVOID,80.38,0.0,0.0,0.0,0.0,0.0,0.0,0.0,12.0,1,MED,0.83,,,SHORT/SKIP | z=0.8
BDX,,AVOID,149.67,0.0,0.0,0.0,0.0,0.0,0.0,0.0,12.1,1,MED,0.83,,,SHORT/SKIP | z=0.8
NDAQ,,AVOID,86.6188,0.0,0.0,0.0,0.0,0.0,0.0,0.0,12.3,1,MED,0.82,,,SHORT/SKIP | z=0.8
EW,,AVOID,85.53,0.0,0.0,0.0,0.0,0.0,0.0,0.0,12.5,1,MED,0.81,,,SHORT/SKIP | z=0.8
WTW,,AVOID,261.84,0.0,0.0,0.0,0.0,0.0,0.0,0.0,12.7,1,MED,0.81,,,SHORT/SKIP | z=0.8
PCAR,,AVOID,118.28,0.0,0.0,0.0,0.0,0.0,0.0,0.0,12.9,1,MED,0.81,,,SHORT/SKIP | z=0.8
SNA,,AVOID,382.8875,0.0,0.0,0.0,0.0,0.0,0.0,0.0,13.1,1,MED,0.8,,,SHORT/SKIP | z=0.8
MTB,,AVOID,224.19,0.0,0.0,0.0,0.0,0.0,0.0,0.0,13.3,1,MED,0.8,,,SHORT/SKIP | z=0.8
MRSH,,AVOID,163.085,0.0,0.0,0.0,0.0,0.0,0.0,0.0,13.5,1,MED,0.79,,,SHORT/SKIP | z=0.8
APD,,AVOID,280.08,0.0,0.0,0.0,0.0,0.0,0.0,0.0,13.6,1,MED,0.79,,,SHORT/SKIP | z=0.8
XLK,,AVOID,184.9,0.0,0.0,0.0,0.0,0.0,0.0,0.0,13.8,1,MED,0.79,,,SHORT/SKIP | z=0.8
HUBB,,AVOID,481.66,0.0,0.0,0.0,0.0,0.0,0.0,0.0,14.0,1,MED,0.79,,,SHORT/SKIP | z=0.8
ERIE,,AVOID,228.23,0.0,0.0,0.0,0.0,0.0,0.0,0.0,14.2,1,MED,0.78,,,SHORT/SKIP | z=0.8
GRMN,,AVOID,238.12,0.0,0.0,0.0,0.0,0.0,0.0,0.0,14.4,1,MED,0.78,,,SHORT/SKIP | z=0.8
BALL,,AVOID,52.085,0.0,0.0,0.0,0.0,0.0,0.0,0.0,14.6,1,MED,0.77,,,SHORT/SKIP | z=0.8
FOX,,AVOID,60.13,0.0,0.0,0.0,0.0,0.0,0.0,0.0,14.8,1,MED,0.76,,,SHORT/SKIP | z=0.8
ITW,,AVOID,253.44,0.0,0.0,0.0,0.0,0.0,0.0,0.0,15.0,1,MED,0.75,,,SHORT/SKIP | z=0.8
DOV,,AVOID,217.22,0.0,0.0,0.0,0.0,0.0,0.0,0.0,15.1,1,LOW,0.74,,,SHORT/SKIP | z=0.7
BRK-B,,AVOID,488.6801,0.0,0.0,0.0,0.0,0.0,0.0,0.0,15.3,1,LOW,0.73,,,SHORT/SKIP | z=0.7
SPGI,,AVOID,420.52,0.0,0.0,0.0,0.0,0.0,0.0,0.0,15.5,1,LOW,0.73,,,SHORT/SKIP | z=0.7
DE,,AVOID,585.865,0.0,0.0,0.0,0.0,0.0,0.0,0.0,15.7,1,LOW,0.72,,,SHORT/SKIP | z=0.7
VICI,,AVOID,27.56,0.0,0.0,0.0,0.0,0.0,0.0,0.0,15.9,1,LOW,0.72,,,SHORT/SKIP | z=0.7
MET,,AVOID,84.63,0.0,0.0,0.0,0.0,0.0,0.0,0.0,16.1,1,LOW,0.72,,,SHORT/SKIP | z=0.7
PNC,,AVOID,228.31,0.0,0.0,0.0,0.0,0.0,0.0,0.0,16.3,1,LOW,0.71,,,SHORT/SKIP | z=0.7
ACGL,,AVOID,90.5,0.0,0.0,0.0,0.0,0.0,0.0,0.0,16.4,1,LOW,0.71,,,SHORT/SKIP | z=0.7
DBC,,AVOID,29.5098,0.0,0.0,0.0,0.0,0.0,0.0,0.0,16.6,1,LOW,0.7,,,SHORT/SKIP | z=0.7
TKO,,AVOID,205.84,0.0,0.0,0.0,0.0,0.0,0.0,0.0,16.8,1,LOW,0.69,,,SHORT/SKIP | z=0.7
KVUE,,AVOID,17.715,0.0,0.0,0.0,0.0,0.0,0.0,0.0,17.0,1,LOW,0.69,,,SHORT/SKIP | z=0.7
LH,,AVOID,264.71,0.0,0.0,0.0,0.0,0.0,0.0,0.0,17.2,1,LOW,0.68,,,SHORT/SKIP | z=0.7
FE,,AVOID,45.96,0.0,0.0,0.0,0.0,0.0,0.0,0.0,17.4,1,LOW,0.68,,,SHORT/SKIP | z=0.7
DLR,,AVOID,185.22,0.0,0.0,0.0,0.0,0.0,0.0,0.0,17.6,1,LOW,0.68,,,SHORT/SKIP | z=0.7
RSG,,AVOID,208.85,0.0,0.0,0.0,0.0,0.0,0.0,0.0,17.8,1,LOW,0.67,,,SHORT/SKIP | z=0.7
PLTR,,AVOID,136.995,0.0,0.0,0.0,0.0,0.0,0.0,0.0,17.9,1,LOW,0.67,,,SHORT/SKIP | z=0.7
V,,AVOID,319.955,0.0,0.0,0.0,0.0,0.0,0.0,0.0,18.1,1,LOW,0.66,,,SHORT/SKIP | z=0.7
WMB,,AVOID,72.13,0.0,0.0,0.0,0.0,0.0,0.0,0.0,18.3,1,LOW,0.66,,,SHORT/SKIP | z=0.7
AMGN,,AVOID,347.56,0.0,0.0,0.0,0.0,0.0,0.0,0.0,18.5,1,LOW,0.65,,,SHORT/SKIP | z=0.7
SYY,,AVOID,76.78,0.0,0.0,0.0,0.0,0.0,0.0,0.0,18.7,1,LOW,0.65,,,SHORT/SKIP | z=0.7
AMAT,,AVOID,484.865,0.0,0.0,0.0,0.0,0.0,0.0,0.0,18.9,1,LOW,0.65,,,SHORT/SKIP | z=0.7
FAST,,AVOID,46.4,0.0,0.0,0.0,0.0,0.0,0.0,0.0,19.1,1,LOW,0.64,,,SHORT/SKIP | z=0.6
BG,,AVOID,127.71,0.0,0.0,0.0,0.0,0.0,0.0,0.0,19.3,1,LOW,0.63,,,SHORT/SKIP | z=0.6
WBD,,AVOID,26.275,0.0,0.0,0.0,0.0,0.0,0.0,0.0,19.4,1,LOW,0.62,,,SHORT/SKIP | z=0.6
XLV,,AVOID,153.8,0.0,0.0,0.0,0.0,0.0,0.0,0.0,19.6,1,LOW,0.62,,,SHORT/SKIP | z=0.6
EXC,,AVOID,45.34,0.0,0.0,0.0,0.0,0.0,0.0,0.0,19.8,1,LOW,0.62,,,SHORT/SKIP | z=0.6
ALGN,,AVOID,168.81,0.0,0.0,0.0,0.0,0.0,0.0,0.0,20.0,1,LOW,0.62,,,SHORT/SKIP | z=0.6
