,score,quintile,ic,ir,hit_rate,confidence,raw_pred,pred_z,sector
HPE,100.0,5,-0.0085,-0.07,0.49,LOW,65.4416,7.36,Other
DELL,99.8,5,-0.0085,-0.07,0.49,LOW,65.2128,7.25,Other
AMAT,99.6,5,-0.0085,-0.07,0.49,LOW,60.2552,4.81,Other
MU,99.4,5,-0.0085,-0.07,0.49,LOW,60.0356,4.7,Tech
SMCI,99.3,5,-0.0085,-0.07,0.49,LOW,59.3768,4.38,Other
NTAP,99.1,5,-0.0085,-0.07,0.49,LOW,58.9741,4.18,Other
CIEN,98.9,5,-0.0085,-0.07,0.49,LOW,58.9087,4.15,Other
COHR,98.7,5,-0.0085,-0.07,0.49,LOW,58.7831,4.09,Other
KLAC,98.5,5,-0.0085,-0.07,0.49,LOW,57.5258,3.47,Tech
LRCX,98.3,5,-0.0085,-0.07,0.49,LOW,56.1097,2.77,Tech
QCOM,98.1,5,-0.0085,-0.07,0.49,LOW,55.5447,2.5,Tech
STX,97.9,5,-0.0085,-0.07,0.49,LOW,55.4574,2.45,Other
HUM,97.8,5,-0.0085,-0.07,0.49,LOW,55.0617,2.26,Other
SNDK,97.6,5,-0.0085,-0.07,0.49,LOW,54.958,2.21,Other
SJM,97.4,5,-0.0085,-0.07,0.49,LOW,54.9196,2.19,Other
LITE,97.2,5,-0.0085,-0.07,0.49,LOW,54.6791,2.07,Other
APH,97.0,5,-0.0085,-0.07,0.49,LOW,54.4774,1.97,Other
CDW,96.8,5,-0.0085,-0.07,0.49,LOW,54.426,1.95,Other
INTC,96.6,5,-0.0085,-0.07,0.49,LOW,54.398,1.93,Tech
COIN,96.5,5,-0.0085,-0.07,0.49,LOW,54.2639,1.87,Other
APTV,96.3,5,-0.0085,-0.07,0.49,LOW,54.1762,1.82,Other
NCLH,96.1,5,-0.0085,-0.07,0.49,LOW,54.0338,1.75,Other
AMD,95.9,5,-0.0085,-0.07,0.49,LOW,53.9737,1.73,Tech
CVNA,95.7,5,-0.0085,-0.07,0.49,LOW,53.9581,1.72,Other
GLW,95.5,5,-0.0085,-0.07,0.49,LOW,53.9135,1.7,Other
FCX,95.3,5,-0.0085,-0.07,0.49,LOW,53.5759,1.53,Other
WAT,95.1,5,-0.0085,-0.07,0.49,LOW,53.3126,1.4,Other
CRH,95.0,5,-0.0085,-0.07,0.49,LOW,53.2132,1.35,Other
FTNT,94.8,5,-0.0085,-0.07,0.49,LOW,53.1456,1.32,Other
APP,94.6,5,-0.0085,-0.07,0.49,LOW,52.9581,1.23,Other
URI,94.4,5,-0.0085,-0.07,0.49,LOW,52.904,1.2,Other
TSLA,94.2,5,-0.0085,-0.07,0.49,LOW,52.8846,1.19,ConsDisc
MPWR,94.0,5,-0.0085,-0.07,0.49,LOW,52.8704,1.18,Other
NDSN,93.8,5,-0.0085,-0.07,0.49,LOW,52.8183,1.16,Other
PODD,93.7,5,-0.0085,-0.07,0.49,LOW,52.7853,1.14,Other
MRNA,93.5,5,-0.0085,-0.07,0.49,LOW,52.6534,1.08,Other
WSM,93.3,5,-0.0085,-0.07,0.49,LOW,52.6532,1.08,Other
SOLV,93.1,5,-0.0085,-0.07,0.49,LOW,52.6517,1.08,Other
IBM,92.9,5,-0.0085,-0.07,0.49,LOW,52.5979,1.05,Tech
RCL,92.7,5,-0.0085,-0.07,0.49,LOW,52.5635,1.03,Other
NOW,92.5,5,-0.0085,-0.07,0.49,LOW,52.5618,1.03,Tech
DBC,92.4,5,-0.0085,-0.07,0.49,LOW,52.4969,1.0,Commod
NVR,92.2,5,-0.0085,-0.07,0.49,LOW,52.4657,0.98,Other
SW,92.0,5,-0.0085,-0.07,0.49,LOW,52.4642,0.98,Other
CSCO,91.8,5,-0.0085,-0.07,0.49,LOW,52.4521,0.98,Tech
CNC,91.6,5,-0.0085,-0.07,0.49,LOW,52.4182,0.96,Other
INCY,91.4,5,-0.0085,-0.07,0.49,LOW,52.3531,0.93,Other
HD,91.2,5,-0.0085,-0.07,0.49,LOW,52.2751,0.89,ConsDisc
FDS,91.0,5,-0.0085,-0.07,0.49,LOW,52.2535,0.88,Other
ZTS,90.9,5,-0.0085,-0.07,0.49,LOW,52.2342,0.87,Health
REGN,90.7,5,-0.0085,-0.07,0.49,LOW,52.231,0.87,Health
TSCO,90.5,5,-0.0085,-0.07,0.49,LOW,52.2067,0.86,Other
COO,90.3,5,-0.0085,-0.07,0.49,LOW,52.1856,0.85,Other
LIN,90.1,5,-0.0085,-0.07,0.49,LOW,52.1352,0.82,Mat
ERIE,89.9,5,-0.0085,-0.07,0.49,LOW,52.1231,0.82,Other
MGM,89.7,5,-0.0085,-0.07,0.49,LOW,52.1109,0.81,Other
ODFL,89.6,5,-0.0085,-0.07,0.49,LOW,52.0999,0.8,Other
INVH,89.4,5,-0.0085,-0.07,0.49,LOW,52.0769,0.79,Other
FAST,89.2,5,-0.0085,-0.07,0.49,LOW,52.0211,0.77,Other
DXCM,89.0,5,-0.0085,-0.07,0.49,LOW,52.0114,0.76,Other
PLD,88.8,5,-0.0085,-0.07,0.49,LOW,51.9914,0.75,RealEst
RSG,88.6,5,-0.0085,-0.07,0.49,LOW,51.9806,0.75,Other
VRSN,88.4,5,-0.0085,-0.07,0.49,LOW,51.9737,0.74,Other
DLTR,88.2,5,-0.0085,-0.07,0.49,LOW,51.9714,0.74,Other
TEL,88.1,5,-0.0085,-0.07,0.49,LOW,51.9559,0.73,Other
AKAM,87.9,5,-0.0085,-0.07,0.49,LOW,51.9213,0.72,Other
HOOD,87.7,5,-0.0085,-0.07,0.49,LOW,51.9077,0.71,Other
DGX,87.5,5,-0.0085,-0.07,0.49,LOW,51.8527,0.68,Other
LH,87.3,5,-0.0085,-0.07,0.49,LOW,51.8446,0.68,Other
XLRE,87.1,5,-0.0085,-0.07,0.49,LOW,51.8405,0.68,RealEst
EMR,86.9,5,-0.0085,-0.07,0.49,LOW,51.7583,0.64,Other
PANW,86.8,5,-0.0085,-0.07,0.49,LOW,51.7292,0.62,Tech
WM,86.6,5,-0.0085,-0.07,0.49,LOW,51.7234,0.62,Indust
WDC,86.4,5,-0.0085,-0.07,0.49,LOW,51.6875,0.6,Other
PNW,86.2,5,-0.0085,-0.07,0.49,LOW,51.6866,0.6,Other
MDT,86.0,5,-0.0085,-0.07,0.49,LOW,51.6822,0.6,Health
UDR,85.8,5,-0.0085,-0.07,0.49,LOW,51.646,0.58,Other
XLB,85.6,5,-0.0085,-0.07,0.49,LOW,51.6317,0.57,Mat
JBL,85.4,5,-0.0085,-0.07,0.49,LOW,51.6219,0.57,Other
JCI,85.3,5,-0.0085,-0.07,0.49,LOW,51.604,0.56,Other
PHM,85.1,5,-0.0085,-0.07,0.49,LOW,51.5962,0.56,Other
SPG,84.9,5,-0.0085,-0.07,0.49,LOW,51.5805,0.55,Other
BITO,84.7,5,-0.0085,-0.07,0.49,LOW,51.5732,0.55,Crypto
BIIB,84.5,5,-0.0085,-0.07,0.49,LOW,51.5413,0.53,Other
WYNN,84.3,5,-0.0085,-0.07,0.49,LOW,51.5362,0.53,Other
VEEV,84.1,5,-0.0085,-0.07,0.49,LOW,51.4885,0.5,Other
WRB,84.0,5,-0.0085,-0.07,0.49,LOW,51.4396,0.48,Other
DHR,83.8,5,-0.0085,-0.07,0.49,LOW,51.3975,0.46,Health
NKE,83.6,5,-0.0085,-0.07,0.49,LOW,51.3935,0.46,ConsDisc
EWJ,83.4,5,-0.0085,-0.07,0.49,LOW,51.3929,0.46,DM
CINF,83.2,5,-0.0085,-0.07,0.49,LOW,51.3873,0.45,Other
ETR,83.0,5,-0.0085,-0.07,0.49,LOW,51.3719,0.45,Other
XLY,82.8,5,-0.0085,-0.07,0.49,LOW,51.3588,0.44,ConsDisc
CMI,82.6,5,-0.0085,-0.07,0.49,LOW,51.3549,0.44,Other
CNP,82.5,5,-0.0085,-0.07,0.49,LOW,51.3355,0.43,Other
LOW,82.3,5,-0.0085,-0.07,0.49,LOW,51.3297,0.43,ConsDisc
QQQ,82.1,5,-0.0085,-0.07,0.49,LOW,51.3274,0.42,
DASH,81.9,5,-0.0085,-0.07,0.49,LOW,51.3202,0.42,Other
VICI,81.7,5,-0.0085,-0.07,0.49,LOW,51.2999,0.41,Other
CB,81.5,5,-0.0085,-0.07,0.49,LOW,51.2585,0.39,Other
WEC,81.3,5,-0.0085,-0.07,0.49,LOW,51.2504,0.39,Other
ROL,81.2,5,-0.0085,-0.07,0.49,LOW,51.2332,0.38,Other
DVA,81.0,5,-0.0085,-0.07,0.49,LOW,51.2321,0.38,Other
HAL,80.8,5,-0.0085,-0.07,0.49,LOW,51.2226,0.37,Other
AJG,80.6,5,-0.0085,-0.07,0.49,LOW,51.2115,0.37,Other
AMT,80.4,5,-0.0085,-0.07,0.49,LOW,51.2084,0.37,RealEst
BKR,80.2,5,-0.0085,-0.07,0.49,LOW,51.1984,0.36,Other
CCI,80.0,4,-0.0085,-0.07,0.49,LOW,51.194,0.36,
CPB,79.9,4,-0.0085,-0.07,0.49,LOW,51.194,0.36,
ARE,79.7,4,-0.0085,-0.07,0.49,LOW,51.1934,0.36,
L,79.5,4,-0.0085,-0.07,0.49,LOW,51.1862,0.36,
ABBV,79.3,4,-0.0085,-0.07,0.49,LOW,51.1847,0.35,
XLU,79.1,4,-0.0085,-0.07,0.49,LOW,51.1777,0.35,
AFL,78.9,4,-0.0085,-0.07,0.49,LOW,51.1763,0.35,
DTE,78.7,4,-0.0085,-0.07,0.49,LOW,51.1745,0.35,
XLI,78.5,4,-0.0085,-0.07,0.49,LOW,51.1436,0.33,
EA,78.4,4,-0.0085,-0.07,0.49,LOW,51.137,0.33,
TJX,78.2,4,-0.0085,-0.07,0.49,LOW,51.1097,0.32,
GD,78.0,4,-0.0085,-0.07,0.49,LOW,51.1017,0.31,
EWZ,77.8,4,-0.0085,-0.07,0.49,LOW,51.0854,0.31,
ALL,77.6,4,-0.0085,-0.07,0.49,LOW,51.0814,0.3,
CTAS,77.4,4,-0.0085,-0.07,0.49,LOW,51.0807,0.3,
SBAC,77.2,4,-0.0085,-0.07,0.49,LOW,51.0773,0.3,
BEN,77.1,4,-0.0085,-0.07,0.49,LOW,51.0508,0.29,
BAX,76.9,4,-0.0085,-0.07,0.49,LOW,51.0314,0.28,
PKG,76.7,4,-0.0085,-0.07,0.49,LOW,51.0257,0.28,
VRTX,76.5,4,-0.0085,-0.07,0.49,LOW,51.0212,0.27,
AON,76.3,4,-0.0085,-0.07,0.49,LOW,51.0203,0.27,
HST,76.1,4,-0.0085,-0.07,0.49,LOW,51.019,0.27,
COR,75.9,4,-0.0085,-0.07,0.49,LOW,51.0144,0.27,
FXI,75.7,4,-0.0085,-0.07,0.49,LOW,51.0124,0.27,
ITW,75.6,4,-0.0085,-0.07,0.49,LOW,51.0061,0.27,
BX,75.4,4,-0.0085,-0.07,0.49,LOW,51.0001,0.26,
SYK,75.2,4,-0.0085,-0.07,0.49,LOW,50.996,0.26,
REG,75.0,4,-0.0085,-0.07,0.49,LOW,50.9954,0.26,
SLB,74.8,4,-0.0085,-0.07,0.49,LOW,50.9913,0.26,
JPM,74.6,4,-0.0085,-0.07,0.49,LOW,50.9627,0.25,
O,74.4,4,-0.0085,-0.07,0.49,LOW,50.9447,0.24,
RVTY,74.3,4,-0.0085,-0.07,0.49,LOW,50.9441,0.24,
FBTC,74.1,4,-0.0085,-0.07,0.49,LOW,50.9296,0.23,
FRT,73.9,4,-0.0085,-0.07,0.49,LOW,50.9228,0.23,
COP,73.7,4,-0.0085,-0.07,0.49,LOW,50.9174,0.22,
IBKR,73.5,4,-0.0085,-0.07,0.49,LOW,50.9164,0.22,
AES,73.3,4,-0.0085,-0.07,0.49,LOW,50.9106,0.22,
AZO,73.1,4,-0.0085,-0.07,0.49,LOW,50.9095,0.22,
CRL,72.9,4,-0.0085,-0.07,0.49,LOW,50.9009,0.22,
MDLZ,72.8,4,-0.0085,-0.07,0.49,LOW,50.892,0.21,
STLD,72.6,4,-0.0085,-0.07,0.49,LOW,50.8917,0.21,
BDX,72.4,4,-0.0085,-0.07,0.49,LOW,50.8848,0.21,
TGT,72.2,4,-0.0085,-0.07,0.49,LOW,50.8808,0.21,
SPY,72.0,4,-0.0085,-0.07,0.49,LOW,50.8721,0.2,
CLX,71.8,4,-0.0085,-0.07,0.49,LOW,50.8614,0.2,
UHS,71.6,4,-0.0085,-0.07,0.49,LOW,50.8524,0.19,
IDXX,71.5,4,-0.0085,-0.07,0.49,LOW,50.8478,0.19,
DOC,71.3,4,-0.0085,-0.07,0.49,LOW,50.8452,0.19,
HCA,71.1,4,-0.0085,-0.07,0.49,LOW,50.8343,0.18,
EXPE,70.9,4,-0.0085,-0.07,0.49,LOW,50.8335,0.18,
ESS,70.7,4,-0.0085,-0.07,0.49,LOW,50.8275,0.18,
XLE,70.5,4,-0.0085,-0.07,0.49,LOW,50.8239,0.18,
AEE,70.3,4,-0.0085,-0.07,0.49,LOW,50.8223,0.18,
MAA,70.1,4,-0.0085,-0.07,0.49,LOW,50.816,0.17,
CME,70.0,4,-0.0085,-0.07,0.49,LOW,50.816,0.17,
PCG,69.8,4,-0.0085,-0.07,0.49,LOW,50.8103,0.17,
EXR,69.6,4,-0.0085,-0.07,0.49,LOW,50.7853,0.16,
OTIS,69.4,4,-0.0085,-0.07,0.49,LOW,50.7846,0.16,
PPL,69.2,4,-0.0085,-0.07,0.49,LOW,50.78,0.16,
KO,69.0,4,-0.0085,-0.07,0.49,LOW,50.7789,0.16,
PNR,68.8,4,-0.0085,-0.07,0.49,LOW,50.7763,0.15,
EOG,68.7,4,-0.0085,-0.07,0.49,LOW,50.7707,0.15,
MLM,68.5,4,-0.0085,-0.07,0.49,LOW,50.7565,0.14,
VGK,68.3,4,-0.0085,-0.07,0.49,LOW,50.752,0.14,
HLT,68.1,4,-0.0085,-0.07,0.49,LOW,50.751,0.14,
GL,67.9,4,-0.0085,-0.07,0.49,LOW,50.7427,0.14,
IEUR,67.7,4,-0.0085,-0.07,0.49,LOW,50.7389,0.14,
APO,67.5,4,-0.0085,-0.07,0.49,LOW,50.7373,0.13,
FIS,67.4,4,-0.0085,-0.07,0.49,LOW,50.7366,0.13,
IWM,67.2,4,-0.0085,-0.07,0.49,LOW,50.7255,0.13,
VMC,67.0,4,-0.0085,-0.07,0.49,LOW,50.7225,0.13,
TYL,66.8,4,-0.0085,-0.07,0.49,LOW,50.7216,0.13,
XLV,66.6,4,-0.0085,-0.07,0.49,LOW,50.7114,0.12,
AME,66.4,4,-0.0085,-0.07,0.49,LOW,50.7098,0.12,
NOC,66.2,4,-0.0085,-0.07,0.49,LOW,50.7014,0.12,
SRE,66.0,4,-0.0085,-0.07,0.49,LOW,50.6984,0.12,
ED,65.9,4,-0.0085,-0.07,0.49,LOW,50.6928,0.11,
ROK,65.7,4,-0.0085,-0.07,0.49,LOW,50.6923,0.11,
XOM,65.5,4,-0.0085,-0.07,0.49,LOW,50.6848,0.11,
BRK-B,65.3,4,-0.0085,-0.07,0.49,LOW,50.6822,0.11,
JNJ,65.1,4,-0.0085,-0.07,0.49,LOW,50.6794,0.11,
EEM,64.9,4,-0.0085,-0.07,0.49,LOW,50.6772,0.11,
XLP,64.7,4,-0.0085,-0.07,0.49,LOW,50.6765,0.11,
ES,64.6,4,-0.0085,-0.07,0.49,LOW,50.6759,0.1,
HYG,64.4,4,-0.0085,-0.07,0.49,LOW,50.6739,0.1,
AMGN,64.2,4,-0.0085,-0.07,0.49,LOW,50.6735,0.1,
FDX,64.0,4,-0.0085,-0.07,0.49,LOW,50.6673,0.1,
DIA,63.8,4,-0.0085,-0.07,0.49,LOW,50.6648,0.1,
WBD,63.6,4,-0.0085,-0.07,0.49,LOW,50.662,0.1,
LQD,63.4,4,-0.0085,-0.07,0.49,LOW,50.6581,0.1,
VLTO,63.2,4,-0.0085,-0.07,0.49,LOW,50.6581,0.1,
DPZ,63.1,4,-0.0085,-0.07,0.49,LOW,50.6529,0.09,
MCK,62.9,4,-0.0085,-0.07,0.49,LOW,50.6519,0.09,
KMB,62.7,4,-0.0085,-0.07,0.49,LOW,50.6491,0.09,
XLC,62.5,4,-0.0085,-0.07,0.49,LOW,50.643,0.09,
LNT,62.3,4,-0.0085,-0.07,0.49,LOW,50.6428,0.09,
IFF,62.1,4,-0.0085,-0.07,0.49,LOW,50.6309,0.08,
COF,61.9,4,-0.0085,-0.07,0.49,LOW,50.6298,0.08,
RTX,61.8,4,-0.0085,-0.07,0.49,LOW,50.6285,0.08,
CASY,61.6,4,-0.0085,-0.07,0.49,LOW,50.6152,0.07,
CAT,61.4,4,-0.0085,-0.07,0.49,LOW,50.6147,0.07,
MMM,61.2,4,-0.0085,-0.07,0.49,LOW,50.6087,0.07,
PNC,61.0,4,-0.0085,-0.07,0.49,LOW,50.6073,0.07,
F,60.8,4,-0.0085,-0.07,0.49,LOW,50.6067,0.07,
WMT,60.6,4,-0.0085,-0.07,0.49,LOW,50.6055,0.07,
CAH,60.4,4,-0.0085,-0.07,0.49,LOW,50.5964,0.07,
NWSA,60.3,4,-0.0085,-0.07,0.49,LOW,50.5925,0.06,
TPL,60.1,3,-0.0085,-0.07,0.49,LOW,50.5922,0.06,
TECH,59.9,3,-0.0085,-0.07,0.49,LOW,50.5807,0.06,
PG,59.7,3,-0.0085,-0.07,0.49,LOW,50.5789,0.06,
MNST,59.5,3,-0.0085,-0.07,0.49,LOW,50.576,0.06,
PCAR,59.3,3,-0.0085,-0.07,0.49,LOW,50.573,0.05,
IVZ,59.1,3,-0.0085,-0.07,0.49,LOW,50.5716,0.05,
APA,59.0,3,-0.0085,-0.07,0.49,LOW,50.5678,0.05,
SHW,58.8,3,-0.0085,-0.07,0.49,LOW,50.5666,0.05,
EFA,58.6,3,-0.0085,-0.07,0.49,LOW,50.564,0.05,
DRI,58.4,3,-0.0085,-0.07,0.49,LOW,50.5535,0.04,
TSN,58.2,3,-0.0085,-0.07,0.49,LOW,50.5522,0.04,
AVB,58.0,3,-0.0085,-0.07,0.49,LOW,50.5511,0.04,
SYY,57.8,3,-0.0085,-0.07,0.49,LOW,50.5421,0.04,
SBUX,57.6,3,-0.0085,-0.07,0.49,LOW,50.5309,0.03,
EXC,57.5,3,-0.0085,-0.07,0.49,LOW,50.5246,0.03,
MRK,57.3,3,-0.0085,-0.07,0.49,LOW,50.5199,0.03,
NWS,57.1,3,-0.0085,-0.07,0.49,LOW,50.517,0.03,
MDY,56.9,3,-0.0085,-0.07,0.49,LOW,50.5124,0.02,
RMD,56.7,3,-0.0085,-0.07,0.49,LOW,50.5104,0.02,
EXPD,56.5,3,-0.0085,-0.07,0.49,LOW,50.5102,0.02,
CSX,56.3,3,-0.0085,-0.07,0.49,LOW,50.5081,0.02,
XLF,56.2,3,-0.0085,-0.07,0.49,LOW,50.5066,0.02,
DLR,56.0,3,-0.0085,-0.07,0.49,LOW,50.5065,0.02,
EVRG,55.8,3,-0.0085,-0.07,0.49,LOW,50.5006,0.02,
CARR,55.6,3,-0.0085,-0.07,0.49,LOW,50.4978,0.02,
PFE,55.4,3,-0.0085,-0.07,0.49,LOW,50.4943,0.02,
FE,55.2,3,-0.0085,-0.07,0.49,LOW,50.491,0.01,
TLT,55.0,3,-0.0085,-0.07,0.49,LOW,50.4856,0.01,
HIG,54.9,3,-0.0085,-0.07,0.49,LOW,50.4783,0.01,
LLY,54.7,3,-0.0085,-0.07,0.49,LOW,50.4747,0.01,
MPC,54.5,3,-0.0085,-0.07,0.49,LOW,50.4701,0.0,
ISRG,54.3,3,-0.0085,-0.07,0.49,LOW,50.468,0.0,
AEP,54.1,3,-0.0085,-0.07,0.49,LOW,50.4511,0.01,
NEE,53.9,3,-0.0085,-0.07,0.49,LOW,50.4492,0.01,
BNY,53.7,3,-0.0085,-0.07,0.49,LOW,50.4472,0.01,
EIX,53.5,3,-0.0085,-0.07,0.49,LOW,50.4438,0.01,
VTRS,53.4,3,-0.0085,-0.07,0.49,LOW,50.4411,0.01,
IBIT,53.2,3,-0.0085,-0.07,0.49,LOW,50.423,0.02,
AVY,53.0,3,-0.0085,-0.07,0.49,LOW,50.4204,0.02,
MCD,52.8,3,-0.0085,-0.07,0.49,LOW,50.4186,0.02,
BAC,52.6,3,-0.0085,-0.07,0.49,LOW,50.4157,0.02,
MRSH,52.4,3,-0.0085,-0.07,0.49,LOW,50.4087,0.03,
SYF,52.2,3,-0.0085,-0.07,0.49,LOW,50.3998,0.03,
TRV,52.1,3,-0.0085,-0.07,0.49,LOW,50.3964,0.03,
HBAN,51.9,3,-0.0085,-0.07,0.49,LOW,50.3915,0.04,
ALLE,51.7,3,-0.0085,-0.07,0.49,LOW,50.3851,0.04,
AXON,51.5,3,-0.0085,-0.07,0.49,LOW,50.3818,0.04,
AGG,51.3,3,-0.0085,-0.07,0.49,LOW,50.3704,0.05,
ELV,51.1,3,-0.0085,-0.07,0.49,LOW,50.3676,0.05,
JBHT,50.9,3,-0.0085,-0.07,0.49,LOW,50.3651,0.05,
POOL,50.7,3,-0.0085,-0.07,0.49,LOW,50.3578,0.05,
MAS,50.6,3,-0.0085,-0.07,0.49,LOW,50.3567,0.05,
TMO,50.4,3,-0.0085,-0.07,0.49,LOW,50.3553,0.05,
LEN,50.2,3,-0.0085,-0.07,0.49,LOW,50.3546,0.05,
TER,50.0,3,-0.0085,-0.07,0.49,LOW,50.3507,0.06,
AIZ,49.8,3,-0.0085,-0.07,0.49,LOW,50.3501,0.06,
PH,49.6,3,-0.0085,-0.07,0.49,LOW,50.3497,0.06,
V,49.4,3,-0.0085,-0.07,0.49,LOW,50.3467,0.06,
TDY,49.3,3,-0.0085,-0.07,0.49,LOW,50.3315,0.06,
LMT,49.1,3,-0.0085,-0.07,0.49,LOW,50.3315,0.06,
KVUE,48.9,3,-0.0085,-0.07,0.49,LOW,50.3283,0.07,
XLK,48.7,3,-0.0085,-0.07,0.49,LOW,50.3244,0.07,
USO,48.5,3,-0.0085,-0.07,0.49,LOW,50.3208,0.07,
EQR,48.3,3,-0.0085,-0.07,0.49,LOW,50.3096,0.08,
YUM,48.1,3,-0.0085,-0.07,0.49,LOW,50.3086,0.08,
BSX,47.9,3,-0.0085,-0.07,0.49,LOW,50.301,0.08,
DUK,47.8,3,-0.0085,-0.07,0.49,LOW,50.3009,0.08,
CCL,47.6,3,-0.0085,-0.07,0.49,LOW,50.3001,0.08,
BBY,47.4,3,-0.0085,-0.07,0.49,LOW,50.2963,0.08,
TROW,47.2,3,-0.0085,-0.07,0.49,LOW,50.2939,0.08,
GWW,47.0,3,-0.0085,-0.07,0.49,LOW,50.2913,0.08,
WELL,46.8,3,-0.0085,-0.07,0.49,LOW,50.2805,0.09,
TXT,46.6,3,-0.0085,-0.07,0.49,LOW,50.2728,0.09,
MCHP,46.5,3,-0.0085,-0.07,0.49,LOW,50.267,0.1,
FTV,46.3,3,-0.0085,-0.07,0.49,LOW,50.2645,0.1,
APD,46.1,3,-0.0085,-0.07,0.49,LOW,50.2628,0.1,
VLO,45.9,3,-0.0085,-0.07,0.49,LOW,50.2619,0.1,
PEG,45.7,3,-0.0085,-0.07,0.49,LOW,50.2555,0.1,
LVS,45.5,3,-0.0085,-0.07,0.49,LOW,50.2476,0.11,
PRU,45.3,3,-0.0085,-0.07,0.49,LOW,50.2459,0.11,
META,45.1,3,-0.0085,-0.07,0.49,LOW,50.2361,0.11,
GE,45.0,3,-0.0085,-0.07,0.49,LOW,50.2318,0.11,
BKNG,44.8,3,-0.0085,-0.07,0.49,LOW,50.2247,0.12,
WST,44.6,3,-0.0085,-0.07,0.49,LOW,50.2226,0.12,
MA,44.4,3,-0.0085,-0.07,0.49,LOW,50.2145,0.12,
LII,44.2,3,-0.0085,-0.07,0.49,LOW,50.2141,0.12,
GLD,44.0,3,-0.0085,-0.07,0.49,LOW,50.2075,0.13,
FICO,43.8,3,-0.0085,-0.07,0.49,LOW,50.204,0.13,
BR,43.7,3,-0.0085,-0.07,0.49,LOW,50.2018,0.13,
GS,43.5,3,-0.0085,-0.07,0.49,LOW,50.1964,0.13,
DAL,43.3,3,-0.0085,-0.07,0.49,LOW,50.1855,0.14,
WDAY,43.1,3,-0.0085,-0.07,0.49,LOW,50.1798,0.14,
KKR,42.9,3,-0.0085,-0.07,0.49,LOW,50.1789,0.14,
SPGI,42.7,3,-0.0085,-0.07,0.49,LOW,50.1747,0.14,
WY,42.5,3,-0.0085,-0.07,0.49,LOW,50.1671,0.15,
CVS,42.4,3,-0.0085,-0.07,0.49,LOW,50.1589,0.15,
CSGP,42.2,3,-0.0085,-0.07,0.49,LOW,50.1564,0.15,
SO,42.0,3,-0.0085,-0.07,0.49,LOW,50.1549,0.15,
HUBB,41.8,3,-0.0085,-0.07,0.49,LOW,50.1426,0.16,
UNH,41.6,3,-0.0085,-0.07,0.49,LOW,50.1285,0.16,
GPC,41.4,3,-0.0085,-0.07,0.49,LOW,50.1132,0.17,
ORLY,41.2,3,-0.0085,-0.07,0.49,LOW,50.1122,0.17,
KHC,41.0,3,-0.0085,-0.07,0.49,LOW,50.1118,0.17,
SATS,40.9,3,-0.0085,-0.07,0.49,LOW,50.1066,0.18,
PFG,40.7,3,-0.0085,-0.07,0.49,LOW,50.1053,0.18,
UBER,40.5,3,-0.0085,-0.07,0.49,LOW,50.1042,0.18,
CHRW,40.3,3,-0.0085,-0.07,0.49,LOW,50.1039,0.18,
PPG,40.1,2,-0.0085,-0.07,0.49,LOW,50.1037,0.18,
CMS,39.9,2,-0.0085,-0.07,0.49,LOW,50.0873,0.18,
MAR,39.7,2,-0.0085,-0.07,0.49,LOW,50.0772,0.19,
UNP,39.6,2,-0.0085,-0.07,0.49,LOW,50.0728,0.19,
CHD,39.4,2,-0.0085,-0.07,0.49,LOW,50.0701,0.19,
HWM,39.2,2,-0.0085,-0.07,0.49,LOW,50.0677,0.19,
CVX,39.0,2,-0.0085,-0.07,0.49,LOW,50.0629,0.2,
GIS,38.8,2,-0.0085,-0.07,0.49,LOW,50.0609,0.2,
TPR,38.6,2,-0.0085,-0.07,0.49,LOW,50.0608,0.2,
PGR,38.4,2,-0.0085,-0.07,0.49,LOW,50.0601,0.2,
INDA,38.2,2,-0.0085,-0.07,0.49,LOW,50.0443,0.21,
NUE,38.1,2,-0.0085,-0.07,0.49,LOW,50.0439,0.21,
CDNS,37.9,2,-0.0085,-0.07,0.49,LOW,50.0374,0.21,
FISV,37.7,2,-0.0085,-0.07,0.49,LOW,50.0309,0.21,
HPQ,37.5,2,-0.0085,-0.07,0.49,LOW,50.025,0.22,
SNA,37.3,2,-0.0085,-0.07,0.49,LOW,50.0228,0.22,
ABT,37.1,2,-0.0085,-0.07,0.49,LOW,50.0198,0.22,
RL,36.9,2,-0.0085,-0.07,0.49,LOW,50.0123,0.22,
PYPL,36.8,2,-0.0085,-0.07,0.49,LOW,50.0099,0.22,
ATO,36.6,2,-0.0085,-0.07,0.49,LOW,50.0083,0.22,
PLTR,36.4,2,-0.0085,-0.07,0.49,LOW,50.004,0.23,
RF,36.2,2,-0.0085,-0.07,0.49,LOW,50.0038,0.23,
FIX,36.0,2,-0.0085,-0.07,0.49,LOW,50.002,0.23,
FANG,35.8,2,-0.0085,-0.07,0.49,LOW,49.9926,0.23,
ZBH,35.6,2,-0.0085,-0.07,0.49,LOW,49.9893,0.23,
PEP,35.4,2,-0.0085,-0.07,0.49,LOW,49.9864,0.23,
PSA,35.3,2,-0.0085,-0.07,0.49,LOW,49.974,0.24,
TFC,35.1,2,-0.0085,-0.07,0.49,LOW,49.9694,0.24,
ECL,34.9,2,-0.0085,-0.07,0.49,LOW,49.967,0.24,
DVN,34.7,2,-0.0085,-0.07,0.49,LOW,49.9669,0.24,
STT,34.5,2,-0.0085,-0.07,0.49,LOW,49.9513,0.25,
STE,34.3,2,-0.0085,-0.07,0.49,LOW,49.944,0.25,
WFC,34.1,2,-0.0085,-0.07,0.49,LOW,49.9413,0.26,
MTD,34.0,2,-0.0085,-0.07,0.49,LOW,49.9337,0.26,
IP,33.8,2,-0.0085,-0.07,0.49,LOW,49.9313,0.26,
DOW,33.6,2,-0.0085,-0.07,0.49,LOW,49.9259,0.26,
KDP,33.4,2,-0.0085,-0.07,0.49,LOW,49.917,0.27,
SWK,33.2,2,-0.0085,-0.07,0.49,LOW,49.9156,0.27,
LULU,33.0,2,-0.0085,-0.07,0.49,LOW,49.9155,0.27,
EQIX,32.8,2,-0.0085,-0.07,0.49,LOW,49.9148,0.27,
VRSK,32.6,2,-0.0085,-0.07,0.49,LOW,49.9145,0.27,
IQV,32.5,2,-0.0085,-0.07,0.49,LOW,49.9111,0.27,
BF-B,32.3,2,-0.0085,-0.07,0.49,LOW,49.9023,0.28,
AIG,32.1,2,-0.0085,-0.07,0.49,LOW,49.8947,0.28,
MKC,31.9,2,-0.0085,-0.07,0.49,LOW,49.8919,0.28,
IEX,31.7,2,-0.0085,-0.07,0.49,LOW,49.8779,0.29,
PM,31.5,2,-0.0085,-0.07,0.49,LOW,49.8769,0.29,
NI,31.3,2,-0.0085,-0.07,0.49,LOW,49.8736,0.29,
ULTA,31.2,2,-0.0085,-0.07,0.49,LOW,49.8715,0.29,
FOXA,31.0,2,-0.0085,-0.07,0.49,LOW,49.8706,0.29,
IT,30.8,2,-0.0085,-0.07,0.49,LOW,49.8612,0.3,
MTB,30.6,2,-0.0085,-0.07,0.49,LOW,49.8563,0.3,
OXY,30.4,2,-0.0085,-0.07,0.49,LOW,49.8524,0.3,
NTRS,30.2,2,-0.0085,-0.07,0.49,LOW,49.8475,0.3,
RJF,30.0,2,-0.0085,-0.07,0.49,LOW,49.8469,0.3,
EG,29.9,2,-0.0085,-0.07,0.49,LOW,49.8449,0.3,
ICE,29.7,2,-0.0085,-0.07,0.49,LOW,49.8294,0.31,
IR,29.5,2,-0.0085,-0.07,0.49,LOW,49.8263,0.31,
FOX,29.3,2,-0.0085,-0.07,0.49,LOW,49.8168,0.32,
GNRC,29.1,2,-0.0085,-0.07,0.49,LOW,49.8161,0.32,
C,28.9,2,-0.0085,-0.07,0.49,LOW,49.8127,0.32,
LHX,28.7,2,-0.0085,-0.07,0.49,LOW,49.8102,0.32,
FITB,28.5,2,-0.0085,-0.07,0.49,LOW,49.7936,0.33,
GM,28.4,2,-0.0085,-0.07,0.49,LOW,49.7924,0.33,
ROST,28.2,2,-0.0085,-0.07,0.49,LOW,49.7692,0.34,
WTW,28.0,2,-0.0085,-0.07,0.49,LOW,49.7614,0.34,
DECK,27.8,2,-0.0085,-0.07,0.49,LOW,49.7481,0.35,
NSC,27.6,2,-0.0085,-0.07,0.49,LOW,49.725,0.36,
GEHC,27.4,2,-0.0085,-0.07,0.49,LOW,49.7203,0.36,
UPS,27.2,2,-0.0085,-0.07,0.49,LOW,49.7153,0.37,
BMY,27.1,2,-0.0085,-0.07,0.49,LOW,49.7131,0.37,
HSIC,26.9,2,-0.0085,-0.07,0.49,LOW,49.7111,0.37,
AWK,26.7,2,-0.0085,-0.07,0.49,LOW,49.7056,0.37,
KR,26.5,2,-0.0085,-0.07,0.49,LOW,49.7001,0.37,
ACGL,26.3,2,-0.0085,-0.07,0.49,LOW,49.6995,0.38,
HAS,26.1,2,-0.0085,-0.07,0.49,LOW,49.6971,0.38,
VRT,25.9,2,-0.0085,-0.07,0.49,LOW,49.687,0.38,
KEY,25.7,2,-0.0085,-0.07,0.49,LOW,49.6721,0.39,
GRMN,25.6,2,-0.0085,-0.07,0.49,LOW,49.663,0.39,
DE,25.4,2,-0.0085,-0.07,0.49,LOW,49.6603,0.39,
TT,25.2,2,-0.0085,-0.07,0.49,LOW,49.656,0.4,
DHI,25.0,2,-0.0085,-0.07,0.49,LOW,49.6407,0.4,
MS,24.8,2,-0.0085,-0.07,0.49,LOW,49.6377,0.41,
XYL,24.6,2,-0.0085,-0.07,0.49,LOW,49.6375,0.41,
CL,24.4,2,-0.0085,-0.07,0.49,LOW,49.6374,0.41,
MCO,24.3,2,-0.0085,-0.07,0.49,LOW,49.636,0.41,
DOV,24.1,2,-0.0085,-0.07,0.49,LOW,49.6245,0.41,
CBRE,23.9,2,-0.0085,-0.07,0.49,LOW,49.6159,0.42,
BRO,23.7,2,-0.0085,-0.07,0.49,LOW,49.6158,0.42,
VTR,23.5,2,-0.0085,-0.07,0.49,LOW,49.6147,0.42,
HII,23.3,2,-0.0085,-0.07,0.49,LOW,49.6107,0.42,
MET,23.1,2,-0.0085,-0.07,0.49,LOW,49.6012,0.42,
CAG,22.9,2,-0.0085,-0.07,0.49,LOW,49.6007,0.42,
CFG,22.8,2,-0.0085,-0.07,0.49,LOW,49.5988,0.42,
AXP,22.6,2,-0.0085,-0.07,0.49,LOW,49.5865,0.43,
HRL,22.4,2,-0.0085,-0.07,0.49,LOW,49.5449,0.45,
USB,22.2,2,-0.0085,-0.07,0.49,LOW,49.5188,0.46,
ALGN,22.0,2,-0.0085,-0.07,0.49,LOW,49.5101,0.47,
CPAY,21.8,2,-0.0085,-0.07,0.49,LOW,49.4706,0.49,
EFX,21.6,2,-0.0085,-0.07,0.49,LOW,49.4662,0.49,
PSKY,21.5,2,-0.0085,-0.07,0.49,LOW,49.458,0.49,
AMP,21.3,2,-0.0085,-0.07,0.49,LOW,49.4524,0.5,
XEL,21.1,2,-0.0085,-0.07,0.49,LOW,49.4453,0.5,
MO,20.9,2,-0.0085,-0.07,0.49,LOW,49.4413,0.5,
GEN,20.7,2,-0.0085,-0.07,0.49,LOW,49.437,0.5,
FFIV,20.5,2,-0.0085,-0.07,0.49,LOW,49.4292,0.51,
CI,20.3,2,-0.0085,-0.07,0.49,LOW,49.4124,0.52,
TTD,20.1,1,-0.0085,-0.07,0.49,LOW,49.4057,0.52,
COST,20.0,1,-0.0085,-0.07,0.49,LOW,49.4023,0.52,
ETN,19.8,1,-0.0085,-0.07,0.49,LOW,49.3805,0.53,
TDG,19.6,1,-0.0085,-0.07,0.49,LOW,49.379,0.53,
CPT,19.4,1,-0.0085,-0.07,0.49,LOW,49.3582,0.54,
IRM,19.2,1,-0.0085,-0.07,0.49,LOW,49.3538,0.54,
AOS,19.0,1,-0.0085,-0.07,0.49,LOW,49.3283,0.56,
BLDR,18.8,1,-0.0085,-0.07,0.49,LOW,49.3246,0.56,
TAP,18.7,1,-0.0085,-0.07,0.49,LOW,49.3143,0.56,
ALB,18.5,1,-0.0085,-0.07,0.49,LOW,49.3027,0.57,
EL,18.3,1,-0.0085,-0.07,0.49,LOW,49.3009,0.57,
J,18.1,1,-0.0085,-0.07,0.49,LOW,49.2474,0.6,
WAB,17.9,1,-0.0085,-0.07,0.49,LOW,49.2316,0.6,
NRG,17.7,1,-0.0085,-0.07,0.49,LOW,49.1866,0.63,
GOOG,17.5,1,-0.0085,-0.07,0.49,LOW,49.1673,0.64,
MSCI,17.4,1,-0.0085,-0.07,0.49,LOW,49.1632,0.64,
GOOGL,17.2,1,-0.0085,-0.07,0.49,LOW,49.1549,0.64,
TKO,17.0,1,-0.0085,-0.07,0.49,LOW,49.1508,0.64,
ORCL,16.8,1,-0.0085,-0.07,0.49,LOW,49.1466,0.65,
LDOS,16.6,1,-0.0085,-0.07,0.49,LOW,49.1304,0.65,
CMG,16.4,1,-0.0085,-0.07,0.49,LOW,49.1047,0.67,
OKE,16.2,1,-0.0085,-0.07,0.49,LOW,49.0948,0.67,
KMI,16.0,1,-0.0085,-0.07,0.49,LOW,49.0886,0.68,
CTSH,15.9,1,-0.0085,-0.07,0.49,LOW,49.0882,0.68,
VZ,15.7,1,-0.0085,-0.07,0.49,LOW,49.0723,0.68,
NDAQ,15.5,1,-0.0085,-0.07,0.49,LOW,49.0581,0.69,
D,15.3,1,-0.0085,-0.07,0.49,LOW,49.0304,0.7,
EME,15.1,1,-0.0085,-0.07,0.49,LOW,49.023,0.71,
PAYX,14.9,1,-0.0085,-0.07,0.49,LOW,49.0112,0.71,
BALL,14.7,1,-0.0085,-0.07,0.49,LOW,49.0011,0.72,
ANET,14.6,1,-0.0085,-0.07,0.49,LOW,48.9925,0.72,
ADP,14.4,1,-0.0085,-0.07,0.49,LOW,48.9799,0.73,
HSY,14.2,1,-0.0085,-0.07,0.49,LOW,48.9641,0.74,
AMZN,14.0,1,-0.0085,-0.07,0.49,LOW,48.9593,0.74,
BA,13.8,1,-0.0085,-0.07,0.49,LOW,48.9489,0.74,
SWKS,13.6,1,-0.0085,-0.07,0.49,LOW,48.921,0.76,
SCHW,13.4,1,-0.0085,-0.07,0.49,LOW,48.9202,0.76,
DDOG,13.2,1,-0.0085,-0.07,0.49,LOW,48.9076,0.76,
OMC,13.1,1,-0.0085,-0.07,0.49,LOW,48.889,0.77,
ADM,12.9,1,-0.0085,-0.07,0.49,LOW,48.8394,0.8,
TRGP,12.7,1,-0.0085,-0.07,0.49,LOW,48.8372,0.8,
EW,12.5,1,-0.0085,-0.07,0.49,LOW,48.8362,0.8,
JKHY,12.3,1,-0.0085,-0.07,0.49,LOW,48.789,0.82,
XYZ,12.1,1,-0.0085,-0.07,0.49,LOW,48.7832,0.83,
GPN,11.9,1,-0.0085,-0.07,0.49,LOW,48.7207,0.86,
BG,11.8,1,-0.0085,-0.07,0.49,LOW,48.6918,0.87,
WMB,11.6,1,-0.0085,-0.07,0.49,LOW,48.6918,0.87,
INTU,11.4,1,-0.0085,-0.07,0.49,LOW,48.6701,0.88,
ABNB,11.2,1,-0.0085,-0.07,0.49,LOW,48.6688,0.88,
AMCR,11.0,1,-0.0085,-0.07,0.49,LOW,48.6567,0.89,
A,10.8,1,-0.0085,-0.07,0.49,LOW,48.6415,0.89,
LYV,10.6,1,-0.0085,-0.07,0.49,LOW,48.635,0.9,
CPRT,10.4,1,-0.0085,-0.07,0.49,LOW,48.6032,0.91,
UAL,10.3,1,-0.0085,-0.07,0.49,LOW,48.5765,0.93,
BXP,10.1,1,-0.0085,-0.07,0.49,LOW,48.5714,0.93,
PSX,9.9,1,-0.0085,-0.07,0.49,LOW,48.5565,0.94,
DG,9.7,1,-0.0085,-0.07,0.49,LOW,48.545,0.94,
LUV,9.5,1,-0.0085,-0.07,0.49,LOW,48.545,0.94,
DIS,9.3,1,-0.0085,-0.07,0.49,LOW,48.5253,0.95,
PWR,9.1,1,-0.0085,-0.07,0.49,LOW,48.5145,0.96,
MOS,9.0,1,-0.0085,-0.07,0.49,LOW,48.5095,0.96,
NFLX,8.8,1,-0.0085,-0.07,0.49,LOW,48.472,0.98,
AVGO,8.6,1,-0.0085,-0.07,0.49,LOW,48.4375,1.0,
MSI,8.4,1,-0.0085,-0.07,0.49,LOW,48.4262,1.0,
NXPI,8.2,1,-0.0085,-0.07,0.49,LOW,48.3598,1.03,
KEYS,8.0,1,-0.0085,-0.07,0.49,LOW,48.3385,1.04,
ADI,7.8,1,-0.0085,-0.07,0.49,LOW,48.3161,1.05,
CMCSA,7.6,1,-0.0085,-0.07,0.49,LOW,48.2388,1.09,
EXE,7.5,1,-0.0085,-0.07,0.49,LOW,48.2357,1.09,
HON,7.3,1,-0.0085,-0.07,0.49,LOW,48.1946,1.11,
ACN,7.1,1,-0.0085,-0.07,0.49,LOW,48.1926,1.12,
ARES,6.9,1,-0.0085,-0.07,0.49,LOW,48.1903,1.12,
GDDY,6.7,1,-0.0085,-0.07,0.49,LOW,48.1823,1.12,
CBOE,6.5,1,-0.0085,-0.07,0.49,LOW,48.1625,1.13,
DD,6.3,1,-0.0085,-0.07,0.49,LOW,48.0541,1.18,
KIM,6.2,1,-0.0085,-0.07,0.49,LOW,48.0313,1.19,
BLK,6.0,1,-0.0085,-0.07,0.49,LOW,47.9852,1.22,
T,5.8,1,-0.0085,-0.07,0.49,LOW,47.8845,1.27,
TXN,5.6,1,-0.0085,-0.07,0.49,LOW,47.8676,1.28,
ROP,5.4,1,-0.0085,-0.07,0.49,LOW,47.8609,1.28,
EQT,5.2,1,-0.0085,-0.07,0.49,LOW,47.8401,1.29,
CF,5.0,1,-0.0085,-0.07,0.49,LOW,47.8152,1.3,
ZBRA,4.9,1,-0.0085,-0.07,0.49,LOW,47.8114,1.3,
ON,4.7,1,-0.0085,-0.07,0.49,LOW,47.7787,1.32,
ADSK,4.5,1,-0.0085,-0.07,0.49,LOW,47.7638,1.33,
TMUS,4.3,1,-0.0085,-0.07,0.49,LOW,47.6263,1.39,
CHTR,4.1,1,-0.0085,-0.07,0.49,LOW,47.5935,1.41,
EBAY,3.9,1,-0.0085,-0.07,0.49,LOW,47.5929,1.41,
FSLR,3.7,1,-0.0085,-0.07,0.49,LOW,47.469,1.47,
CTVA,3.5,1,-0.0085,-0.07,0.49,LOW,47.4348,1.49,
NVDA,3.4,1,-0.0085,-0.07,0.49,LOW,47.3119,1.55,
ADBE,3.2,1,-0.0085,-0.07,0.49,LOW,47.2738,1.57,
CRWD,3.0,1,-0.0085,-0.07,0.49,LOW,47.1342,1.64,
GEV,2.8,1,-0.0085,-0.07,0.49,LOW,47.1183,1.64,
SNPS,2.6,1,-0.0085,-0.07,0.49,LOW,47.043,1.68,
SLV,2.4,1,-0.0085,-0.07,0.49,LOW,46.9104,1.75,
CRM,2.2,1,-0.0085,-0.07,0.49,LOW,46.808,1.8,
LYB,2.1,1,-0.0085,-0.07,0.49,LOW,46.624,1.89,
MSFT,1.9,1,-0.0085,-0.07,0.49,LOW,46.564,1.92,
GILD,1.7,1,-0.0085,-0.07,0.49,LOW,46.5595,1.92,
TRMB,1.5,1,-0.0085,-0.07,0.49,LOW,46.1155,2.14,
TTWO,1.3,1,-0.0085,-0.07,0.49,LOW,45.7298,2.33,
PTC,1.1,1,-0.0085,-0.07,0.49,LOW,45.6418,2.37,
NEM,0.9,1,-0.0085,-0.07,0.49,LOW,45.5113,2.43,
VST,0.7,1,-0.0085,-0.07,0.49,LOW,45.2791,2.55,
CEG,0.6,1,-0.0085,-0.07,0.49,LOW,45.2702,2.55,
STZ,0.4,1,-0.0085,-0.07,0.49,LOW,44.5472,2.91,
AAPL,0.2,1,-0.0085,-0.07,0.49,LOW,43.0906,3.62,
