Rank,RiskPct,MinScore,MaxPos,CAGR,Sharpe,Calmar,MaxDD,TotalRet,FinalValue,Trades,WinRate,Vol,Composite
1,0.02,30,4,0.080822,0.036265,0.708593,0.114060,2.293800,32938.00,456,0.489035,0.069768,0.489000
2,0.02,35,4,0.079025,0.035064,0.713979,0.110683,2.210821,32108.21,462,0.491342,0.069083,0.486900
3,0.015,35,4,0.069921,0.030041,0.706183,0.099012,1.819518,28195.18,462,0.491342,0.061872,0.466100
4,0.015,30,4,0.071472,0.031405,0.657325,0.108731,1.882864,28828.64,456,0.489035,0.062122,0.456300
5,0.02,40,4,0.080137,0.035657,0.587920,0.136306,2.261931,32619.31,461,0.483731,0.069846,0.454500
6,0.02,30,5,0.081803,0.035364,0.575087,0.142245,2.339980,33399.80,578,0.470588,0.073661,0.452600
7,0.02,45,4,0.075573,0.031539,0.571816,0.132163,2.056815,30568.15,480,0.472917,0.070614,0.439200
8,0.02,40,5,0.081766,0.034454,0.515223,0.158700,2.338189,33381.89,585,0.470085,0.075836,0.435500
9,0.02,35,5,0.080977,0.034649,0.485721,0.166715,2.301047,33010.47,576,0.479167,0.073809,0.426800
10,0.02,50,5,0.074016,0.029124,0.534037,0.138598,1.989668,29896.68,555,0.470270,0.073848,0.424900
11,0.015,40,4,0.070836,0.030690,0.538592,0.131520,1.856727,28567.27,461,0.483731,0.062383,0.422300
12,0.015,30,5,0.071644,0.029979,0.525133,0.136431,1.889989,28899.89,578,0.470588,0.065929,0.418500
13,0.02,40,6,0.076511,0.029965,0.484277,0.157989,2.097947,30979.47,686,0.469388,0.077181,0.415700
14,0.02,35,6,0.078045,0.030638,0.470130,0.166008,2.166379,31663.79,691,0.477569,0.078652,0.415500
15,0.01,35,4,0.055872,0.019378,0.614393,0.090939,1.302156,23021.56,462,0.491342,0.050939,0.412200
16,0.01,30,4,0.056951,0.020719,0.588316,0.096804,1.338498,23384.98,456,0.489035,0.050713,0.407500
17,0.015,40,5,0.071894,0.029466,0.479763,0.149853,1.900340,29003.40,585,0.470085,0.067847,0.406100
18,0.015,45,4,0.066556,0.026549,0.516999,0.128736,1.686560,26865.60,480,0.472917,0.062650,0.406100
19,0.02,50,4,0.068315,0.025437,0.508120,0.134447,1.755312,27553.12,468,0.470085,0.070818,0.406100
20,0.015,50,5,0.065343,0.024430,0.514674,0.126960,1.640054,26400.54,555,0.470270,0.065649,0.402200
21,0.02,30,6,0.078604,0.030895,0.415729,0.189074,2.191625,31916.25,690,0.475362,0.079134,0.400600
22,0.015,35,5,0.070425,0.028852,0.446875,0.157595,1.839985,28399.85,576,0.479167,0.066033,0.394800
23,0.015,40,6,0.067690,0.025333,0.452542,0.149577,1.730677,27306.77,686,0.469388,0.069415,0.389400
24,0.02,45,5,0.073619,0.028671,0.414333,0.177682,1.972762,29727.62,570,0.463158,0.074266,0.389400
25,0.015,35,6,0.068378,0.025524,0.431793,0.158358,1.757803,27578.03,691,0.477569,0.070709,0.385600
26,0.02,30,3,0.056592,0.017091,0.515498,0.109782,1.326351,23263.51,358,0.458101,0.062744,0.382900
27,0.02,45,6,0.066471,0.022203,0.442853,0.150097,1.683255,26832.55,678,0.461652,0.077677,0.382600
28,0.015,50,4,0.059416,0.019743,0.478653,0.124131,1.423539,24235.39,468,0.470085,0.062850,0.380000
29,0.02,50,6,0.067518,0.022872,0.412583,0.163647,1.723941,27239.41,665,0.461654,0.078233,0.376000
30,0.015,30,6,0.069255,0.026104,0.389493,0.177808,1.792733,27927.33,690,0.475362,0.071205,0.374800
31,0.01,40,4,0.055908,0.019347,0.471840,0.118489,1.303353,23033.53,461,0.483731,0.051169,0.373100
32,0.015,45,5,0.066229,0.025049,0.395953,0.167264,1.673922,26739.22,570,0.463158,0.066207,0.369800
33,0.01,30,5,0.056269,0.018787,0.461260,0.121990,1.315462,23154.62,578,0.470588,0.054416,0.369300
34,0.01,50,5,0.053402,0.015771,0.474505,0.112542,1.220913,22209.13,555,0.470270,0.053840,0.366700
35,0.015,45,6,0.060651,0.019202,0.424469,0.142886,1.467245,24672.45,678,0.461652,0.070007,0.366000
36,0.02,35,3,0.053814,0.014346,0.472870,0.113804,1.234293,22342.93,356,0.452247,0.063351,0.364700
37,0.015,50,6,0.060407,0.018927,0.417044,0.144847,1.458573,24585.73,665,0.461654,0.070341,0.363400
38,0.01,45,4,0.053032,0.015976,0.460299,0.115213,1.209001,22090.01,480,0.472917,0.051223,0.362500
39,0.01,40,5,0.056520,0.018626,0.432103,0.130802,1.323917,23239.17,585,0.470085,0.055980,0.361500
40,0.02,50,3,0.052661,0.013366,0.464654,0.113334,1.197076,21970.76,358,0.441341,0.062616,0.359000
41,0.015,30,3,0.049659,0.011321,0.472237,0.105157,1.102919,21029.19,358,0.458101,0.055791,0.356600
42,0.01,40,6,0.055108,0.016694,0.419575,0.131343,1.276745,22767.45,686,0.469388,0.057809,0.354800
43,0.01,35,5,0.055398,0.017806,0.402005,0.137803,1.286333,22863.33,576,0.479167,0.054513,0.351700
44,0.01,35,6,0.056214,0.017596,0.393754,0.142765,1.313627,23136.27,691,0.477569,0.058807,0.350500
45,0.015,35,3,0.047301,0.008737,0.449814,0.105157,1.031622,20316.22,356,0.452247,0.056257,0.344800
46,0.01,45,6,0.052013,0.013402,0.407458,0.127653,1.176440,21764.40,678,0.461652,0.058344,0.344000
47,0.01,50,4,0.047279,0.009235,0.437381,0.108096,1.030973,20309.73,468,0.470085,0.051245,0.343300
48,0.015,50,3,0.045690,0.007076,0.457175,0.099941,0.984230,19842.30,358,0.441341,0.055279,0.342300
49,0.005,35,4,0.035265,-0.009195,0.527422,0.066864,0.701578,17015.78,462,0.491342,0.032880,0.341600
50,0.01,50,6,0.050201,0.011498,0.409896,0.122471,1.119623,21196.23,665,0.461654,0.058661,0.340800
51,0.005,30,4,0.036025,-0.007885,0.513301,0.070184,0.720838,17208.38,456,0.489035,0.032562,0.339500
52,0.01,30,6,0.055970,0.017278,0.357230,0.156679,1.305441,23054.41,690,0.475362,0.059115,0.339200
53,0.01,45,5,0.053773,0.016046,0.375549,0.143186,1.232956,22329.56,570,0.463158,0.054426,0.339000
54,0.02,40,3,0.051521,0.012048,0.347942,0.148073,1.160858,21608.58,353,0.450425,0.064382,0.324500
55,0.01,30,3,0.038985,-0.001021,0.415295,0.093872,0.797788,17977.88,358,0.458101,0.045186,0.317900
56,0.02,45,3,0.047652,0.008539,0.330316,0.144261,1.042085,20420.85,355,0.453521,0.063000,0.311800
57,0.01,35,3,0.037323,-0.003193,0.397596,0.093872,0.754198,17541.98,356,0.452247,0.045627,0.308800
58,0.005,50,5,0.034313,-0.010090,0.414086,0.082864,0.677729,16777.29,555,0.470270,0.035214,0.307400
59,0.005,30,5,0.035209,-0.008295,0.404791,0.086980,0.700148,17001.48,578,0.470588,0.036038,0.307100
60,0.005,40,4,0.034824,-0.009954,0.404794,0.086030,0.690499,16904.99,461,0.483731,0.033037,0.307100
61,0.015,40,3,0.044960,0.006199,0.327437,0.137310,0.963090,19630.90,353,0.450425,0.056958,0.305300
62,0.005,40,6,0.036582,-0.005284,0.375160,0.097510,0.735071,17350.71,686,0.469388,0.039299,0.302300
63,0.005,45,4,0.033650,-0.012064,0.396336,0.084902,0.661305,16613.05,480,0.472917,0.033168,0.301000
64,0.01,50,3,0.035102,-0.006378,0.387630,0.090556,0.697471,16974.71,358,0.441341,0.044512,0.300000
65,0.005,45,6,0.035336,-0.007179,0.373306,0.094657,0.703366,17033.66,678,0.461652,0.039431,0.298200
66,0.005,35,6,0.037366,-0.003978,0.350675,0.106555,0.755319,17553.19,691,0.477569,0.039869,0.298100
67,0.015,45,3,0.042506,0.003600,0.318883,0.133298,0.893562,18935.62,355,0.453521,0.055486,0.298000
68,0.005,40,5,0.035180,-0.008095,0.368261,0.095531,0.699434,16994.34,585,0.470085,0.036898,0.297000
69,0.005,35,5,0.034999,-0.008623,0.356427,0.098194,0.694879,16948.79,576,0.479167,0.036122,0.294200
70,0.005,50,6,0.033317,-0.010342,0.366513,0.090903,0.653122,16531.22,665,0.461654,0.039298,0.291700
71,0.005,50,4,0.029570,-0.019716,0.391530,0.075525,0.563542,15635.42,468,0.470085,0.032954,0.289600
72,0.005,30,6,0.036381,-0.005483,0.321505,0.113159,0.729927,17299.27,690,0.475362,0.039849,0.287400
73,0.005,45,5,0.033972,-0.010430,0.337055,0.100791,0.669266,16692.66,570,0.463158,0.035909,0.284800
74,0.01,45,3,0.034311,-0.007380,0.304512,0.112676,0.677681,16776.81,355,0.453521,0.044862,0.276300
75,0.01,40,3,0.035320,-0.005821,0.294306,0.120011,0.702955,17029.55,353,0.450425,0.045845,0.275200
76,0.005,30,3,0.023373,-0.036859,0.363474,0.064303,0.425251,14252.51,358,0.458101,0.028195,0.264100
77,0.02,30,2,0.033542,-0.006145,0.252983,0.132585,0.658643,16586.43,246,0.422764,0.055848,0.257200
78,0.02,35,2,0.034047,-0.005510,0.244942,0.139001,0.671132,16711.32,248,0.427419,0.056362,0.256200
79,0.005,35,3,0.022153,-0.039294,0.344505,0.064303,0.399417,13994.17,356,0.452247,0.028353,0.255500
80,0.02,45,2,0.030413,-0.009454,0.263989,0.115204,0.583273,15832.73,245,0.432653,0.056325,0.255300
81,0.02,50,2,0.031392,-0.008326,0.241741,0.129858,0.606515,16065.15,246,0.414634,0.056638,0.248800
82,0.015,45,2,0.026745,-0.015762,0.256616,0.104222,0.499015,14990.15,245,0.432653,0.049481,0.245000
83,0.005,50,3,0.021265,-0.042007,0.317099,0.067060,0.380885,13808.85,358,0.441341,0.027847,0.244500
84,0.015,35,2,0.029018,-0.012896,0.232638,0.124736,0.550734,15507.34,248,0.427419,0.049637,0.242000
85,0.02,40,2,0.027997,-0.012105,0.236892,0.118186,0.527300,15273.00,245,0.424490,0.056234,0.241600
86,0.015,30,2,0.028550,-0.013637,0.231112,0.123532,0.539937,15399.37,246,0.422764,0.049154,0.240000
87,0.015,50,2,0.027143,-0.015182,0.221310,0.122647,0.507952,15079.52,246,0.414634,0.049717,0.233500
88,0.005,40,3,0.021172,-0.041467,0.267190,0.079241,0.378969,13789.69,353,0.450425,0.028327,0.231700
89,0.015,40,2,0.023797,-0.019488,0.228325,0.104222,0.434334,14343.34,245,0.424490,0.049339,0.229900
90,0.005,45,3,0.020724,-0.042766,0.255457,0.081124,0.369704,13697.04,355,0.453521,0.028122,0.227600
91,0.01,45,2,0.021430,-0.028824,0.234748,0.091289,0.384313,13843.13,245,0.432653,0.039383,0.225600
92,0.01,35,2,0.022963,-0.026327,0.214704,0.106952,0.416528,14165.28,248,0.427419,0.039516,0.222400
93,0.01,30,2,0.022190,-0.027805,0.207477,0.106952,0.400202,14002.02,246,0.422764,0.039160,0.218100
94,0.01,40,2,0.018880,-0.032855,0.206813,0.091289,0.332243,13322.43,245,0.424490,0.039346,0.211300
95,0.01,50,2,0.021031,-0.029320,0.195197,0.107741,0.376041,13760.41,246,0.414634,0.039542,0.211300
96,0.005,45,2,0.012835,-0.071504,0.199284,0.064403,0.216035,12160.35,245,0.432653,0.023755,0.187300
97,0.005,35,2,0.013525,-0.069168,0.193294,0.069973,0.228819,12288.19,248,0.427419,0.023933,0.186900
98,0.005,30,2,0.012895,-0.071384,0.184292,0.069973,0.217157,12171.57,246,0.422764,0.023743,0.182200
99,0.005,50,2,0.012553,-0.071792,0.181267,0.069252,0.210862,12108.62,246,0.414634,0.023901,0.179800
100,0.005,40,2,0.011326,-0.075760,0.175855,0.064403,0.188543,11885.43,245,0.424490,0.023663,0.176100