date,portfolioValue,drawdown,regime,allocations,rebalanceDay
2025-01-01,47498.76,-4.62%,EXPANSION,BTC-EUR:15.4%|EMXC.DE:16.3%|PPFB.DE:13.3%|URNU.DE:7.3%|VVSM.DE:14.0%|0P00000WLG.F:29.9%,N
2025-01-02,47964.91,-3.68%,EXPANSION,BTC-EUR:15.4%|EMXC.DE:16.3%|PPFB.DE:13.3%|URNU.DE:7.3%|VVSM.DE:14.0%|0P00000WLG.F:29.9%,Y
2025-01-03,48580.77,-2.44%,EXPANSION,BTC-EUR:16.0%|EMXC.DE:18.1%|PPFB.DE:13.9%|URNU.DE:11.6%|VVSM.DE:14.8%|0P00000WLG.F:25.7%,N
2025-01-04,48590.96,-2.42%,EXPANSION,BTC-EUR:16.0%|EMXC.DE:18.1%|PPFB.DE:13.9%|URNU.DE:11.6%|VVSM.DE:14.8%|0P00000WLG.F:25.7%,N
2025-01-05,48597.17,-2.41%,EXPANSION,BTC-EUR:16.0%|EMXC.DE:18.1%|PPFB.DE:13.9%|URNU.DE:11.6%|VVSM.DE:14.8%|0P00000WLG.F:25.7%,N
2025-01-06,49303.05,-0.99%,EXPANSION,BTC-EUR:16.0%|EMXC.DE:18.1%|PPFB.DE:13.9%|URNU.DE:11.6%|VVSM.DE:14.8%|0P00000WLG.F:25.7%,N
2025-01-07,48390.19,-2.83%,EXPANSION,BTC-EUR:16.0%|EMXC.DE:18.1%|PPFB.DE:13.9%|URNU.DE:11.6%|VVSM.DE:14.8%|0P00000WLG.F:25.7%,N
2025-01-08,48111.53,-3.39%,EXPANSION,BTC-EUR:16.0%|EMXC.DE:18.1%|PPFB.DE:13.9%|URNU.DE:11.6%|VVSM.DE:14.8%|0P00000WLG.F:25.7%,N
2025-01-09,47904.67,-3.80%,EXPANSION,BTC-EUR:16.0%|EMXC.DE:18.1%|PPFB.DE:13.9%|URNU.DE:11.6%|VVSM.DE:14.8%|0P00000WLG.F:25.7%,N
2025-01-10,47558.04,-4.50%,EXPANSION,BTC-EUR:16.0%|EMXC.DE:18.1%|PPFB.DE:13.9%|URNU.DE:5.8%|VVSM.DE:14.8%|0P00000WLG.F:25.7%,N
2025-01-11,47547.23,-4.52%,EXPANSION,BTC-EUR:16.0%|EMXC.DE:18.1%|PPFB.DE:13.9%|URNU.DE:5.8%|VVSM.DE:14.8%|0P00000WLG.F:25.7%,N
2025-01-12,47540.95,-4.53%,EXPANSION,BTC-EUR:16.0%|EMXC.DE:18.1%|PPFB.DE:13.9%|URNU.DE:5.8%|VVSM.DE:14.8%|0P00000WLG.F:25.7%,N
2025-01-13,47337.98,-4.94%,EXPANSION,BTC-EUR:16.0%|EMXC.DE:18.1%|PPFB.DE:13.9%|URNU.DE:5.8%|VVSM.DE:14.8%|0P00000WLG.F:25.7%,N
2025-01-14,47679.01,-4.25%,EXPANSION,BTC-EUR:16.0%|EMXC.DE:18.1%|PPFB.DE:13.9%|URNU.DE:5.8%|VVSM.DE:14.8%|0P00000WLG.F:25.7%,N
2025-01-15,48578.12,-2.45%,EXPANSION,BTC-EUR:16.0%|EMXC.DE:18.1%|PPFB.DE:13.9%|URNU.DE:5.8%|VVSM.DE:14.8%|0P00000WLG.F:25.7%,N
2025-01-16,48560.32,-2.48%,EXPANSION,BTC-EUR:16.0%|EMXC.DE:18.1%|PPFB.DE:13.9%|URNU.DE:5.8%|VVSM.DE:14.8%|0P00000WLG.F:25.7%,N
2025-01-17,49297.76,-1.00%,EXPANSION,BTC-EUR:16.0%|EMXC.DE:18.1%|PPFB.DE:13.9%|URNU.DE:5.8%|VVSM.DE:14.8%|0P00000WLG.F:25.7%,N
2025-01-18,49293.70,-1.01%,EXPANSION,BTC-EUR:16.0%|EMXC.DE:18.1%|PPFB.DE:13.9%|URNU.DE:5.8%|VVSM.DE:14.8%|0P00000WLG.F:25.7%,N
2025-01-19,49043.55,-1.51%,EXPANSION,BTC-EUR:16.0%|EMXC.DE:18.1%|PPFB.DE:13.9%|URNU.DE:5.8%|VVSM.DE:14.8%|0P00000WLG.F:25.7%,N
2025-01-20,49115.36,-1.37%,EXPANSION,BTC-EUR:16.0%|EMXC.DE:18.1%|PPFB.DE:13.9%|URNU.DE:5.8%|VVSM.DE:14.8%|0P00000WLG.F:25.7%,N
2025-01-21,50015.73,0.00%,EXPANSION,BTC-EUR:16.0%|EMXC.DE:18.1%|PPFB.DE:13.9%|URNU.DE:5.8%|VVSM.DE:14.8%|0P00000WLG.F:25.7%,N
2025-01-22,50171.08,0.00%,EXPANSION,BTC-EUR:16.0%|EMXC.DE:18.1%|PPFB.DE:13.9%|URNU.DE:5.8%|VVSM.DE:14.8%|0P00000WLG.F:25.7%,N
2025-01-23,50320.55,0.00%,EXPANSION,BTC-EUR:16.0%|EMXC.DE:18.1%|PPFB.DE:13.9%|URNU.DE:5.8%|VVSM.DE:14.8%|0P00000WLG.F:25.7%,Y
2025-01-24,50264.06,-0.11%,EXPANSION,BTC-EUR:16.2%|EMXC.DE:20.4%|PPFB.DE:14.9%|URNU.DE:11.3%|VVSM.DE:14.5%|0P00000WLG.F:22.6%,N
2025-01-25,50255.92,-0.13%,EXPANSION,BTC-EUR:16.2%|EMXC.DE:20.4%|PPFB.DE:14.9%|URNU.DE:11.3%|VVSM.DE:14.5%|0P00000WLG.F:22.6%,N
2025-01-26,50098.08,-0.44%,EXPANSION,BTC-EUR:16.2%|EMXC.DE:20.4%|PPFB.DE:14.9%|URNU.DE:11.3%|VVSM.DE:14.5%|0P00000WLG.F:22.6%,N
2025-01-27,48310.33,-3.99%,EXPANSION,BTC-EUR:16.2%|EMXC.DE:20.4%|PPFB.DE:14.9%|URNU.DE:7.4%|VVSM.DE:9.5%|0P00000WLG.F:22.6%,N
2025-01-28,48605.12,-3.41%,EXPANSION,BTC-EUR:16.2%|EMXC.DE:20.4%|PPFB.DE:14.9%|URNU.DE:7.4%|VVSM.DE:9.5%|0P00000WLG.F:22.6%,N
2025-01-29,48811.71,-3.00%,EXPANSION,BTC-EUR:16.2%|EMXC.DE:20.4%|PPFB.DE:14.9%|URNU.DE:7.4%|VVSM.DE:9.5%|0P00000WLG.F:22.6%,N
2025-01-30,49427.43,-1.77%,EXPANSION,BTC-EUR:16.2%|EMXC.DE:20.4%|PPFB.DE:14.9%|URNU.DE:7.4%|VVSM.DE:9.5%|0P00000WLG.F:22.6%,N
2025-01-31,48981.92,-2.66%,EXPANSION,BTC-EUR:16.2%|EMXC.DE:20.4%|PPFB.DE:14.9%|URNU.DE:7.4%|VVSM.DE:9.5%|0P00000WLG.F:22.6%,N
2025-02-01,48846.52,-2.93%,EXPANSION,BTC-EUR:16.2%|EMXC.DE:20.4%|PPFB.DE:14.9%|URNU.DE:7.4%|VVSM.DE:9.5%|0P00000WLG.F:22.6%,N
2025-02-02,48613.50,-3.39%,EXPANSION,BTC-EUR:16.2%|EMXC.DE:20.4%|PPFB.DE:14.9%|URNU.DE:7.4%|VVSM.DE:9.5%|0P00000WLG.F:22.6%,N
2025-02-03,48659.63,-3.30%,EXPANSION,BTC-EUR:16.2%|EMXC.DE:20.4%|PPFB.DE:14.9%|URNU.DE:7.4%|VVSM.DE:9.5%|0P00000WLG.F:22.6%,N
2025-02-04,48891.81,-2.84%,EXPANSION,BTC-EUR:16.2%|EMXC.DE:20.4%|PPFB.DE:14.9%|URNU.DE:7.4%|VVSM.DE:9.5%|0P00000WLG.F:22.6%,N
2025-02-05,48990.13,-2.64%,EXPANSION,BTC-EUR:16.2%|EMXC.DE:20.4%|PPFB.DE:14.9%|URNU.DE:7.4%|VVSM.DE:9.5%|0P00000WLG.F:22.6%,N
2025-02-06,48991.11,-2.64%,EXPANSION,BTC-EUR:16.2%|EMXC.DE:20.4%|PPFB.DE:14.9%|URNU.DE:7.4%|VVSM.DE:9.5%|0P00000WLG.F:22.6%,N
2025-02-07,48921.48,-2.78%,EXPANSION,BTC-EUR:16.2%|EMXC.DE:20.4%|PPFB.DE:14.9%|URNU.DE:7.4%|VVSM.DE:9.5%|0P00000WLG.F:22.6%,N
2025-02-08,48917.65,-2.79%,EXPANSION,BTC-EUR:16.2%|EMXC.DE:20.4%|PPFB.DE:14.9%|URNU.DE:7.4%|VVSM.DE:9.5%|0P00000WLG.F:22.6%,N
2025-02-09,48919.10,-2.79%,EXPANSION,BTC-EUR:16.2%|EMXC.DE:20.4%|PPFB.DE:14.9%|URNU.DE:7.4%|VVSM.DE:9.5%|0P00000WLG.F:22.6%,N
2025-02-10,49401.43,-1.83%,EXPANSION,BTC-EUR:16.2%|EMXC.DE:20.4%|PPFB.DE:14.9%|URNU.DE:7.4%|VVSM.DE:9.5%|0P00000WLG.F:22.6%,N
2025-02-11,49158.87,-2.31%,EXPANSION,BTC-EUR:16.2%|EMXC.DE:20.4%|PPFB.DE:14.9%|URNU.DE:7.4%|VVSM.DE:9.5%|0P00000WLG.F:22.6%,N
2025-02-12,49407.58,-1.81%,EXPANSION,BTC-EUR:16.2%|EMXC.DE:20.4%|PPFB.DE:14.9%|URNU.DE:7.4%|VVSM.DE:9.5%|0P00000WLG.F:22.6%,N
2025-02-13,49611.98,-1.41%,EXPANSION,BTC-EUR:16.2%|EMXC.DE:20.4%|PPFB.DE:14.9%|URNU.DE:7.4%|VVSM.DE:9.5%|0P00000WLG.F:22.6%,Y
2025-02-14,49458.52,-1.71%,EXPANSION,BTC-EUR:16.0%|EMXC.DE:18.7%|PPFB.DE:18.0%|URNU.DE:11.5%|VVSM.DE:13.8%|0P00000WLG.F:22.0%,N
2025-02-15,49464.32,-1.70%,EXPANSION,BTC-EUR:16.0%|EMXC.DE:18.7%|PPFB.DE:18.0%|URNU.DE:11.5%|VVSM.DE:13.8%|0P00000WLG.F:22.0%,N
2025-02-16,49350.27,-1.93%,EXPANSION,BTC-EUR:16.0%|EMXC.DE:18.7%|PPFB.DE:18.0%|URNU.DE:11.5%|VVSM.DE:13.8%|0P00000WLG.F:22.0%,N
2025-02-17,49317.28,-1.99%,EXPANSION,BTC-EUR:16.0%|EMXC.DE:18.7%|PPFB.DE:18.0%|URNU.DE:11.5%|VVSM.DE:13.8%|0P00000WLG.F:22.0%,N
2025-02-18,49670.85,-1.29%,EXPANSION,BTC-EUR:16.0%|EMXC.DE:18.7%|PPFB.DE:18.0%|URNU.DE:11.5%|VVSM.DE:13.8%|0P00000WLG.F:22.0%,N
2025-02-19,49612.12,-1.41%,EXPANSION,BTC-EUR:16.0%|EMXC.DE:18.7%|PPFB.DE:18.0%|URNU.DE:11.5%|VVSM.DE:13.8%|0P00000WLG.F:22.0%,N
2025-02-20,49805.21,-1.02%,EXPANSION,BTC-EUR:16.0%|EMXC.DE:18.7%|PPFB.DE:18.0%|URNU.DE:11.5%|VVSM.DE:13.8%|0P00000WLG.F:22.0%,N
2025-02-21,48969.07,-2.69%,EXPANSION,BTC-EUR:16.0%|EMXC.DE:18.7%|PPFB.DE:18.0%|URNU.DE:11.5%|VVSM.DE:13.8%|0P00000WLG.F:22.0%,N
2025-02-22,49005.95,-2.61%,EXPANSION,BTC-EUR:16.0%|EMXC.DE:18.7%|PPFB.DE:18.0%|URNU.DE:11.5%|VVSM.DE:13.8%|0P00000WLG.F:22.0%,N
2025-02-23,48981.27,-2.66%,EXPANSION,BTC-EUR:16.0%|EMXC.DE:18.7%|PPFB.DE:18.0%|URNU.DE:11.5%|VVSM.DE:13.8%|0P00000WLG.F:22.0%,N
2025-02-24,48184.97,-4.24%,EXPANSION,BTC-EUR:16.0%|EMXC.DE:18.7%|PPFB.DE:18.0%|URNU.DE:11.5%|VVSM.DE:13.8%|0P00000WLG.F:22.0%,N
2025-02-25,47590.47,-5.43%,EXPANSION,BTC-EUR:16.0%|EMXC.DE:18.7%|PPFB.DE:18.0%|URNU.DE:11.5%|VVSM.DE:13.8%|0P00000WLG.F:22.0%,N
2025-02-26,47590.91,-5.42%,EXPANSION,BTC-EUR:16.0%|EMXC.DE:18.7%|PPFB.DE:18.0%|URNU.DE:11.5%|VVSM.DE:13.8%|0P00000WLG.F:22.0%,N
2025-02-27,46542.98,-7.51%,EXPANSION,BTC-EUR:16.0%|EMXC.DE:18.7%|PPFB.DE:18.0%|URNU.DE:11.5%|VVSM.DE:13.8%|0P00000WLG.F:22.0%,N
2025-02-28,46597.48,-7.40%,EXPANSION,BTC-EUR:16.0%|EMXC.DE:18.7%|PPFB.DE:18.0%|URNU.DE:11.5%|VVSM.DE:13.8%|0P00000WLG.F:22.0%,N
2025-03-01,46744.15,-7.11%,EXPANSION,BTC-EUR:16.0%|EMXC.DE:18.7%|PPFB.DE:18.0%|URNU.DE:11.5%|VVSM.DE:13.8%|0P00000WLG.F:22.0%,N
2025-03-02,47458.86,-5.69%,EXPANSION,BTC-EUR:16.0%|EMXC.DE:18.7%|PPFB.DE:18.0%|URNU.DE:11.5%|VVSM.DE:13.8%|0P00000WLG.F:22.0%,N
2025-03-03,46158.04,-8.27%,EXPANSION,BTC-EUR:16.0%|EMXC.DE:18.7%|PPFB.DE:18.0%|URNU.DE:11.5%|VVSM.DE:13.8%|0P00000WLG.F:22.0%,N
2025-03-04,46507.04,-7.58%,EXPANSION,BTC-EUR:16.0%|EMXC.DE:18.7%|PPFB.DE:18.0%|URNU.DE:11.5%|VVSM.DE:13.8%|0P00000WLG.F:22.0%,N
2025-03-05,47479.82,-5.65%,EXPANSION,BTC-EUR:16.0%|EMXC.DE:18.7%|PPFB.DE:18.0%|URNU.DE:11.5%|VVSM.DE:13.8%|0P00000WLG.F:22.0%,N
2025-03-06,46761.07,-7.07%,EXPANSION,BTC-EUR:16.0%|EMXC.DE:18.7%|PPFB.DE:18.0%|URNU.DE:11.5%|VVSM.DE:9.0%|0P00000WLG.F:22.0%,Y
2025-03-07,46715.93,-7.16%,EXPANSION,BTC-EUR:15.8%|EMXC.DE:16.4%|PPFB.DE:18.1%|URNU.DE:11.7%|VVSM.DE:13.8%|0P00000WLG.F:24.3%,N
2025-03-08,46666.02,-7.26%,EXPANSION,BTC-EUR:7.9%|EMXC.DE:16.4%|PPFB.DE:18.1%|URNU.DE:11.7%|VVSM.DE:13.8%|0P00000WLG.F:24.3%,N
2025-03-09,46429.01,-7.73%,EXPANSION,BTC-EUR:7.9%|EMXC.DE:16.4%|PPFB.DE:18.1%|URNU.DE:11.7%|VVSM.DE:13.8%|0P00000WLG.F:24.3%,N
2025-03-10,45283.39,-10.01%,EXPANSION,BTC-EUR:7.9%|EMXC.DE:16.4%|PPFB.DE:18.1%|URNU.DE:5.9%|VVSM.DE:13.8%|0P00000WLG.F:24.3%,N
2025-03-11,45626.34,-9.33%,EXPANSION,BTC-EUR:7.9%|EMXC.DE:16.4%|PPFB.DE:18.1%|URNU.DE:5.9%|VVSM.DE:13.8%|0P00000WLG.F:24.3%,N
2025-03-12,46001.97,-8.58%,EXPANSION,BTC-EUR:7.9%|EMXC.DE:16.4%|PPFB.DE:18.1%|URNU.DE:5.9%|VVSM.DE:13.8%|0P00000WLG.F:24.3%,N
2025-03-13,45795.42,-8.99%,EXPANSION,BTC-EUR:7.9%|EMXC.DE:16.4%|PPFB.DE:18.1%|URNU.DE:5.9%|VVSM.DE:13.8%|0P00000WLG.F:24.3%,N
2025-03-14,46548.34,-7.50%,EXPANSION,BTC-EUR:7.9%|EMXC.DE:16.4%|PPFB.DE:18.1%|URNU.DE:5.9%|VVSM.DE:13.8%|0P00000WLG.F:24.3%,N
2025-03-15,46564.68,-7.46%,EXPANSION,BTC-EUR:7.9%|EMXC.DE:16.4%|PPFB.DE:18.1%|URNU.DE:5.9%|VVSM.DE:13.8%|0P00000WLG.F:24.3%,N
2025-03-16,46487.97,-7.62%,EXPANSION,BTC-EUR:7.9%|EMXC.DE:16.4%|PPFB.DE:18.1%|URNU.DE:5.9%|VVSM.DE:13.8%|0P00000WLG.F:24.3%,N
2025-03-17,46984.56,-6.63%,EXPANSION,BTC-EUR:7.9%|EMXC.DE:16.4%|PPFB.DE:18.1%|URNU.DE:5.9%|VVSM.DE:13.8%|0P00000WLG.F:24.3%,N
2025-03-18,46765.22,-7.07%,EXPANSION,BTC-EUR:7.9%|EMXC.DE:16.4%|PPFB.DE:18.1%|URNU.DE:5.9%|VVSM.DE:13.8%|0P00000WLG.F:24.3%,N
2025-03-19,47245.69,-6.11%,EXPANSION,BTC-EUR:7.9%|EMXC.DE:16.4%|PPFB.DE:18.1%|URNU.DE:5.9%|VVSM.DE:13.8%|0P00000WLG.F:24.3%,N
2025-03-20,47014.22,-6.57%,EXPANSION,BTC-EUR:7.9%|EMXC.DE:16.4%|PPFB.DE:18.1%|URNU.DE:5.9%|VVSM.DE:13.8%|0P00000WLG.F:24.3%,N
2025-03-21,46788.89,-7.02%,EXPANSION,BTC-EUR:7.9%|EMXC.DE:16.4%|PPFB.DE:18.1%|URNU.DE:5.9%|VVSM.DE:13.8%|0P00000WLG.F:24.3%,N
2025-03-22,46779.65,-7.04%,EXPANSION,BTC-EUR:7.9%|EMXC.DE:16.4%|PPFB.DE:18.1%|URNU.DE:5.9%|VVSM.DE:13.8%|0P00000WLG.F:24.3%,N
2025-03-23,46877.34,-6.84%,EXPANSION,BTC-EUR:7.9%|EMXC.DE:16.4%|PPFB.DE:18.1%|URNU.DE:5.9%|VVSM.DE:13.8%|0P00000WLG.F:24.3%,N
2025-03-24,47308.29,-5.99%,EXPANSION,BTC-EUR:7.9%|EMXC.DE:16.4%|PPFB.DE:18.1%|URNU.DE:5.9%|VVSM.DE:13.8%|0P00000WLG.F:24.3%,N
2025-03-25,47264.03,-6.07%,EXPANSION,BTC-EUR:7.9%|EMXC.DE:16.4%|PPFB.DE:18.1%|URNU.DE:5.9%|VVSM.DE:13.8%|0P00000WLG.F:24.3%,N
2025-03-26,46773.30,-7.05%,EXPANSION,BTC-EUR:7.9%|EMXC.DE:16.4%|PPFB.DE:18.1%|URNU.DE:5.9%|VVSM.DE:13.8%|0P00000WLG.F:24.3%,N
2025-03-27,46683.76,-7.23%,EXPANSION,BTC-EUR:7.9%|EMXC.DE:16.4%|PPFB.DE:18.1%|URNU.DE:2.9%|VVSM.DE:13.8%|0P00000WLG.F:24.3%,Y
2025-03-28,45892.35,-8.80%,EXPANSION,BTC-EUR:16.1%|EMXC.DE:17.0%|PPFB.DE:19.6%|URNU.DE:11.9%|VVSM.DE:14.1%|0P00000WLG.F:21.3%,N
2025-03-29,45738.55,-9.11%,EXPANSION,BTC-EUR:16.1%|EMXC.DE:17.0%|PPFB.DE:19.6%|URNU.DE:11.9%|VVSM.DE:14.1%|0P00000WLG.F:21.3%,N
2025-03-30,45715.09,-9.15%,EXPANSION,BTC-EUR:16.1%|EMXC.DE:17.0%|PPFB.DE:19.6%|URNU.DE:11.9%|VVSM.DE:14.1%|0P00000WLG.F:21.3%,N
2025-03-31,45805.96,-8.97%,EXPANSION,BTC-EUR:16.1%|EMXC.DE:17.0%|PPFB.DE:19.6%|URNU.DE:11.9%|VVSM.DE:14.1%|0P00000WLG.F:21.3%,N
2025-04-01,46143.25,-8.30%,EXPANSION,BTC-EUR:16.1%|EMXC.DE:17.0%|PPFB.DE:19.6%|URNU.DE:11.9%|VVSM.DE:14.1%|0P00000WLG.F:21.3%,N
2025-04-02,46074.67,-8.44%,EXPANSION,BTC-EUR:16.1%|EMXC.DE:17.0%|PPFB.DE:19.6%|URNU.DE:11.9%|VVSM.DE:14.1%|0P00000WLG.F:21.3%,N
2025-04-03,44777.56,-11.02%,CONTRACTION,BTC-EUR:8.1%|EMXC.DE:17.0%|PPFB.DE:19.6%|URNU.DE:11.9%|VVSM.DE:7.0%|0P00000WLG.F:21.3%,N
2025-04-04,42972.43,-14.60%,CONTRACTION,BTC-EUR:8.1%|EMXC.DE:17.0%|PPFB.DE:19.6%|URNU.DE:11.9%|VVSM.DE:7.0%|0P00000WLG.F:21.3%,N
2025-04-05,42958.44,-14.63%,CONTRACTION,BTC-EUR:8.1%|EMXC.DE:17.0%|PPFB.DE:19.6%|URNU.DE:11.9%|VVSM.DE:7.0%|0P00000WLG.F:21.3%,N
2025-04-06,42739.31,-15.07%,CONTRACTION,BTC-EUR:8.1%|EMXC.DE:17.0%|PPFB.DE:19.6%|URNU.DE:11.9%|VVSM.DE:7.0%|0P00000WLG.F:21.3%,N
2025-04-07,42245.12,-16.05%,CONTRACTION,BTC-EUR:8.1%|EMXC.DE:17.0%|PPFB.DE:19.6%|URNU.DE:11.9%|VVSM.DE:7.0%|0P00000WLG.F:10.6%,N
2025-04-08,41865.20,-16.80%,CRISIS,BTC-EUR:8.1%|EMXC.DE:11.0%|PPFB.DE:19.6%|URNU.DE:11.9%|VVSM.DE:7.0%|0P00000WLG.F:10.6%,N
2025-04-09,44130.13,-12.30%,CONTRACTION,BTC-EUR:8.1%|EMXC.DE:11.0%|PPFB.DE:19.6%|URNU.DE:11.9%|VVSM.DE:7.0%|0P00000WLG.F:10.6%,N
2025-04-10,43650.53,-13.26%,CONTRACTION,BTC-EUR:8.1%|EMXC.DE:11.0%|PPFB.DE:19.6%|URNU.DE:11.9%|VVSM.DE:7.0%|0P00000WLG.F:10.6%,N
2025-04-11,44558.32,-11.45%,CONTRACTION,BTC-EUR:8.1%|EMXC.DE:11.0%|PPFB.DE:19.6%|URNU.DE:11.9%|VVSM.DE:7.0%|0P00000WLG.F:10.6%,N
2025-04-12,44639.29,-11.29%,CONTRACTION,BTC-EUR:8.1%|EMXC.DE:11.0%|PPFB.DE:19.6%|URNU.DE:11.9%|VVSM.DE:7.0%|0P00000WLG.F:10.6%,N
2025-04-13,44571.77,-11.42%,CONTRACTION,BTC-EUR:8.1%|EMXC.DE:11.0%|PPFB.DE:19.6%|URNU.DE:11.9%|VVSM.DE:7.0%|0P00000WLG.F:10.6%,N
2025-04-14,44696.38,-11.18%,CONTRACTION,BTC-EUR:8.1%|EMXC.DE:11.0%|PPFB.DE:19.6%|URNU.DE:11.9%|VVSM.DE:7.0%|0P00000WLG.F:10.6%,N
2025-04-15,44700.90,-11.17%,CONTRACTION,BTC-EUR:8.1%|EMXC.DE:11.0%|PPFB.DE:19.6%|URNU.DE:11.9%|VVSM.DE:7.0%|0P00000WLG.F:10.6%,N
2025-04-16,44729.49,-11.11%,CONTRACTION,BTC-EUR:8.1%|EMXC.DE:11.0%|PPFB.DE:19.6%|URNU.DE:11.9%|VVSM.DE:7.0%|0P00000WLG.F:10.6%,N
2025-04-17,44782.05,-11.01%,CONTRACTION,BTC-EUR:8.1%|EMXC.DE:11.0%|PPFB.DE:19.6%|URNU.DE:7.8%|VVSM.DE:3.5%|0P00000WLG.F:10.6%,Y
2025-04-18,44762.22,-11.05%,CONTRACTION,BTC-EUR:8.4%|EMXC.DE:12.4%|PPFB.DE:24.5%|URNU.DE:10.1%|VVSM.DE:8.1%|0P00000WLG.F:16.9%,N
2025-04-19,44789.65,-10.99%,CONTRACTION,BTC-EUR:8.4%|EMXC.DE:12.4%|PPFB.DE:24.5%|URNU.DE:10.1%|VVSM.DE:8.1%|0P00000WLG.F:16.9%,N
2025-04-20,44794.58,-10.98%,CONTRACTION,BTC-EUR:8.4%|EMXC.DE:12.4%|PPFB.DE:24.5%|URNU.DE:10.1%|VVSM.DE:8.1%|0P00000WLG.F:16.9%,N
2025-04-21,44925.56,-10.72%,CONTRACTION,BTC-EUR:8.4%|EMXC.DE:12.4%|PPFB.DE:24.5%|URNU.DE:10.1%|VVSM.DE:8.1%|0P00000WLG.F:16.9%,N
2025-04-22,45411.08,-9.76%,CONTRACTION,BTC-EUR:8.4%|EMXC.DE:12.4%|PPFB.DE:24.5%|URNU.DE:10.1%|VVSM.DE:8.1%|0P00000WLG.F:16.9%,N
2025-04-23,45653.25,-9.28%,EXPANSION,BTC-EUR:8.4%|EMXC.DE:12.4%|PPFB.DE:24.5%|URNU.DE:10.1%|VVSM.DE:8.1%|0P00000WLG.F:16.9%,N
2025-04-24,46409.13,-7.77%,EXPANSION,BTC-EUR:8.4%|EMXC.DE:12.4%|PPFB.DE:24.5%|URNU.DE:10.1%|VVSM.DE:8.1%|0P00000WLG.F:16.9%,N
2025-04-25,46383.97,-7.82%,EXPANSION,BTC-EUR:8.4%|EMXC.DE:12.4%|PPFB.DE:24.5%|URNU.DE:10.1%|VVSM.DE:8.1%|0P00000WLG.F:16.9%,N
2025-04-26,46380.93,-7.83%,EXPANSION,BTC-EUR:8.4%|EMXC.DE:12.4%|PPFB.DE:24.5%|URNU.DE:10.1%|VVSM.DE:8.1%|0P00000WLG.F:16.9%,N
2025-04-27,46343.99,-7.90%,EXPANSION,BTC-EUR:8.4%|EMXC.DE:12.4%|PPFB.DE:24.5%|URNU.DE:10.1%|VVSM.DE:8.1%|0P00000WLG.F:16.9%,N
2025-04-28,46679.68,-7.24%,EXPANSION,BTC-EUR:8.4%|EMXC.DE:12.4%|PPFB.DE:24.5%|URNU.DE:10.1%|VVSM.DE:8.1%|0P00000WLG.F:16.9%,N
2025-04-29,46601.94,-7.39%,EXPANSION,BTC-EUR:8.4%|EMXC.DE:12.4%|PPFB.DE:24.5%|URNU.DE:10.1%|VVSM.DE:8.1%|0P00000WLG.F:16.9%,N
2025-04-30,46526.36,-7.54%,EXPANSION,BTC-EUR:8.4%|EMXC.DE:12.4%|PPFB.DE:24.5%|URNU.DE:10.1%|VVSM.DE:8.1%|0P00000WLG.F:16.9%,N
2025-05-01,46486.18,-7.62%,EXPANSION,BTC-EUR:8.4%|EMXC.DE:12.4%|PPFB.DE:24.5%|URNU.DE:10.1%|VVSM.DE:8.1%|0P00000WLG.F:16.9%,N
2025-05-02,47028.99,-6.54%,EXPANSION,BTC-EUR:8.4%|EMXC.DE:12.4%|PPFB.DE:24.5%|URNU.DE:10.1%|VVSM.DE:8.1%|0P00000WLG.F:16.9%,N
2025-05-03,46987.24,-6.62%,EXPANSION,BTC-EUR:8.4%|EMXC.DE:12.4%|PPFB.DE:24.5%|URNU.DE:10.1%|VVSM.DE:8.1%|0P00000WLG.F:16.9%,N
2025-05-04,46922.00,-6.75%,EXPANSION,BTC-EUR:8.4%|EMXC.DE:12.4%|PPFB.DE:24.5%|URNU.DE:10.1%|VVSM.DE:8.1%|0P00000WLG.F:16.9%,N
2025-05-05,47238.04,-6.13%,EXPANSION,BTC-EUR:8.4%|EMXC.DE:12.4%|PPFB.DE:24.5%|URNU.DE:10.1%|VVSM.DE:8.1%|0P00000WLG.F:16.9%,N
2025-05-06,47680.91,-5.25%,EXPANSION,BTC-EUR:8.4%|EMXC.DE:12.4%|PPFB.DE:24.5%|URNU.DE:10.1%|VVSM.DE:8.1%|0P00000WLG.F:16.9%,N
2025-05-07,47612.79,-5.38%,EXPANSION,BTC-EUR:8.4%|EMXC.DE:12.4%|PPFB.DE:24.5%|URNU.DE:10.1%|VVSM.DE:8.1%|0P00000WLG.F:16.9%,N
2025-05-08,47666.43,-5.27%,EXPANSION,BTC-EUR:8.4%|EMXC.DE:12.4%|PPFB.DE:24.5%|URNU.DE:6.6%|VVSM.DE:5.2%|0P00000WLG.F:16.9%,Y
2025-05-09,47880.47,-4.85%,EXPANSION,BTC-EUR:12.6%|EMXC.DE:11.8%|PPFB.DE:15.9%|URNU.DE:11.1%|VVSM.DE:11.5%|0P00000WLG.F:12.7%,N
2025-05-10,47981.86,-4.65%,EXPANSION,BTC-EUR:12.6%|EMXC.DE:11.8%|PPFB.DE:15.9%|URNU.DE:11.1%|VVSM.DE:11.5%|0P00000WLG.F:12.7%,N
2025-05-11,47947.70,-4.72%,EXPANSION,BTC-EUR:12.6%|EMXC.DE:11.8%|PPFB.DE:15.9%|URNU.DE:11.1%|VVSM.DE:11.5%|0P00000WLG.F:12.7%,N
2025-05-12,48300.03,-4.02%,EXPANSION,BTC-EUR:12.6%|EMXC.DE:11.8%|PPFB.DE:15.9%|URNU.DE:11.1%|VVSM.DE:11.5%|0P00000WLG.F:12.7%,N
2025-05-13,48759.59,-3.10%,EXPANSION,BTC-EUR:12.6%|EMXC.DE:11.8%|PPFB.DE:15.9%|URNU.DE:11.1%|VVSM.DE:11.5%|0P00000WLG.F:12.7%,N
2025-05-14,48718.77,-3.18%,EXPANSION,BTC-EUR:12.6%|EMXC.DE:11.8%|PPFB.DE:15.9%|URNU.DE:11.1%|VVSM.DE:11.5%|0P00000WLG.F:12.7%,N
2025-05-15,48839.73,-2.94%,EXPANSION,BTC-EUR:12.6%|EMXC.DE:11.8%|PPFB.DE:15.9%|URNU.DE:11.1%|VVSM.DE:11.5%|0P00000WLG.F:12.7%,N
2025-05-16,48690.85,-3.24%,EXPANSION,BTC-EUR:12.6%|EMXC.DE:11.8%|PPFB.DE:15.9%|URNU.DE:11.1%|VVSM.DE:11.5%|0P00000WLG.F:12.7%,N
2025-05-17,48673.12,-3.27%,EXPANSION,BTC-EUR:12.6%|EMXC.DE:11.8%|PPFB.DE:15.9%|URNU.DE:11.1%|VVSM.DE:11.5%|0P00000WLG.F:12.7%,N
2025-05-18,48867.14,-2.89%,EXPANSION,BTC-EUR:12.6%|EMXC.DE:11.8%|PPFB.DE:15.9%|URNU.DE:11.1%|VVSM.DE:11.5%|0P00000WLG.F:12.7%,N
2025-05-19,48956.99,-2.71%,EXPANSION,BTC-EUR:12.6%|EMXC.DE:11.8%|PPFB.DE:15.9%|URNU.DE:11.1%|VVSM.DE:11.5%|0P00000WLG.F:12.7%,N
2025-05-20,49186.94,-2.25%,EXPANSION,BTC-EUR:12.6%|EMXC.DE:11.8%|PPFB.DE:15.9%|URNU.DE:11.1%|VVSM.DE:11.5%|0P00000WLG.F:12.7%,N
2025-05-21,49264.97,-2.10%,EXPANSION,BTC-EUR:12.6%|EMXC.DE:11.8%|PPFB.DE:15.9%|URNU.DE:11.1%|VVSM.DE:11.5%|0P00000WLG.F:12.7%,N
2025-05-22,49326.00,-1.98%,EXPANSION,BTC-EUR:12.6%|EMXC.DE:11.8%|PPFB.DE:15.9%|URNU.DE:11.1%|VVSM.DE:11.5%|0P00000WLG.F:12.7%,N
2025-05-23,49811.95,-1.01%,EXPANSION,BTC-EUR:12.6%|EMXC.DE:11.8%|PPFB.DE:15.9%|URNU.DE:11.1%|VVSM.DE:11.5%|0P00000WLG.F:12.7%,N
2025-05-24,49841.48,-0.95%,EXPANSION,BTC-EUR:12.6%|EMXC.DE:11.8%|PPFB.DE:15.9%|URNU.DE:11.1%|VVSM.DE:11.5%|0P00000WLG.F:12.7%,N
2025-05-25,49914.19,-0.81%,EXPANSION,BTC-EUR:12.6%|EMXC.DE:11.8%|PPFB.DE:15.9%|URNU.DE:11.1%|VVSM.DE:11.5%|0P00000WLG.F:12.7%,N
2025-05-26,49937.62,-0.76%,EXPANSION,BTC-EUR:12.6%|EMXC.DE:11.8%|PPFB.DE:15.9%|URNU.DE:11.1%|VVSM.DE:11.5%|0P00000WLG.F:12.7%,N
2025-05-27,50256.63,-0.13%,EXPANSION,BTC-EUR:12.6%|EMXC.DE:11.8%|PPFB.DE:15.9%|URNU.DE:11.1%|VVSM.DE:11.5%|0P00000WLG.F:12.7%,N
2025-05-28,50027.50,-0.58%,EXPANSION,BTC-EUR:12.6%|EMXC.DE:11.8%|PPFB.DE:15.9%|URNU.DE:11.1%|VVSM.DE:11.5%|0P00000WLG.F:12.7%,N
2025-05-29,49912.85,-0.81%,EXPANSION,BTC-EUR:12.6%|EMXC.DE:11.8%|PPFB.DE:15.9%|URNU.DE:11.1%|VVSM.DE:11.5%|0P00000WLG.F:12.7%,Y
2025-05-30,49533.92,-1.56%,EXPANSION,BTC-EUR:14.3%|EMXC.DE:12.8%|PPFB.DE:13.4%|URNU.DE:9.9%|VVSM.DE:12.0%|0P00000WLG.F:15.8%,N
2025-05-31,49577.40,-1.48%,EXPANSION,BTC-EUR:14.3%|EMXC.DE:12.8%|PPFB.DE:13.4%|URNU.DE:9.9%|VVSM.DE:12.0%|0P00000WLG.F:15.8%,N
2025-06-01,49645.98,-1.34%,EXPANSION,BTC-EUR:14.3%|EMXC.DE:12.8%|PPFB.DE:13.4%|URNU.DE:9.9%|VVSM.DE:12.0%|0P00000WLG.F:15.8%,N
2025-06-02,50005.82,-0.63%,EXPANSION,BTC-EUR:14.3%|EMXC.DE:12.8%|PPFB.DE:13.4%|URNU.DE:9.9%|VVSM.DE:12.0%|0P00000WLG.F:15.8%,N
2025-06-03,50225.00,-0.19%,EXPANSION,BTC-EUR:14.3%|EMXC.DE:12.8%|PPFB.DE:13.4%|URNU.DE:9.9%|VVSM.DE:12.0%|0P00000WLG.F:15.8%,N
2025-06-04,50433.42,0.00%,EXPANSION,BTC-EUR:14.3%|EMXC.DE:12.8%|PPFB.DE:13.4%|URNU.DE:9.9%|VVSM.DE:12.0%|0P00000WLG.F:15.8%,N
2025-06-05,50185.48,-0.49%,EXPANSION,BTC-EUR:14.3%|EMXC.DE:12.8%|PPFB.DE:13.4%|URNU.DE:9.9%|VVSM.DE:12.0%|0P00000WLG.F:15.8%,N
2025-06-06,50487.27,0.00%,EXPANSION,BTC-EUR:14.3%|EMXC.DE:12.8%|PPFB.DE:13.4%|URNU.DE:9.9%|VVSM.DE:12.0%|0P00000WLG.F:15.8%,N
2025-06-07,50571.86,0.00%,EXPANSION,BTC-EUR:14.3%|EMXC.DE:12.8%|PPFB.DE:13.4%|URNU.DE:9.9%|VVSM.DE:12.0%|0P00000WLG.F:15.8%,N
2025-06-08,50584.03,0.00%,EXPANSION,BTC-EUR:14.3%|EMXC.DE:12.8%|PPFB.DE:13.4%|URNU.DE:9.9%|VVSM.DE:12.0%|0P00000WLG.F:15.8%,N
2025-06-09,51313.31,0.00%,EXPANSION,BTC-EUR:14.3%|EMXC.DE:12.8%|PPFB.DE:13.4%|URNU.DE:9.9%|VVSM.DE:12.0%|0P00000WLG.F:15.8%,N
2025-06-10,51339.88,0.00%,EXPANSION,BTC-EUR:14.3%|EMXC.DE:12.8%|PPFB.DE:13.4%|URNU.DE:9.9%|VVSM.DE:12.0%|0P00000WLG.F:15.8%,N
2025-06-11,51549.22,0.00%,EXPANSION,BTC-EUR:14.3%|EMXC.DE:12.8%|PPFB.DE:13.4%|URNU.DE:9.9%|VVSM.DE:12.0%|0P00000WLG.F:15.8%,N
2025-06-12,51548.61,-0.00%,EXPANSION,BTC-EUR:14.3%|EMXC.DE:12.8%|PPFB.DE:13.4%|URNU.DE:9.9%|VVSM.DE:12.0%|0P00000WLG.F:15.8%,N
2025-06-13,51321.49,-0.44%,EXPANSION,BTC-EUR:14.3%|EMXC.DE:12.8%|PPFB.DE:13.4%|URNU.DE:9.9%|VVSM.DE:12.0%|0P00000WLG.F:15.8%,N
2025-06-14,51278.78,-0.52%,EXPANSION,BTC-EUR:14.3%|EMXC.DE:12.8%|PPFB.DE:13.4%|URNU.DE:9.9%|VVSM.DE:12.0%|0P00000WLG.F:15.8%,N
2025-06-15,51284.30,-0.51%,EXPANSION,BTC-EUR:14.3%|EMXC.DE:12.8%|PPFB.DE:13.4%|URNU.DE:9.9%|VVSM.DE:12.0%|0P00000WLG.F:15.8%,N
2025-06-16,51786.94,0.00%,EXPANSION,BTC-EUR:14.3%|EMXC.DE:12.8%|PPFB.DE:13.4%|URNU.DE:9.9%|VVSM.DE:12.0%|0P00000WLG.F:15.8%,N
2025-06-17,51365.13,-0.81%,EXPANSION,BTC-EUR:14.3%|EMXC.DE:12.8%|PPFB.DE:13.4%|URNU.DE:9.9%|VVSM.DE:12.0%|0P00000WLG.F:15.8%,N
2025-06-18,51400.47,-0.75%,EXPANSION,BTC-EUR:14.3%|EMXC.DE:12.8%|PPFB.DE:13.4%|URNU.DE:9.9%|VVSM.DE:12.0%|0P00000WLG.F:15.8%,N
2025-06-19,51367.76,-0.81%,EXPANSION,BTC-EUR:14.3%|EMXC.DE:12.8%|PPFB.DE:13.4%|URNU.DE:9.9%|VVSM.DE:12.0%|0P00000WLG.F:15.8%,Y
2025-06-20,50928.09,-1.66%,EXPANSION,BTC-EUR:15.8%|EMXC.DE:21.5%|PPFB.DE:13.9%|URNU.DE:11.4%|VVSM.DE:13.7%|0P00000WLG.F:23.8%,N
2025-06-21,50846.34,-1.82%,EXPANSION,BTC-EUR:15.8%|EMXC.DE:21.5%|PPFB.DE:13.9%|URNU.DE:11.4%|VVSM.DE:13.7%|0P00000WLG.F:23.8%,N
2025-06-22,50746.78,-2.01%,EXPANSION,BTC-EUR:15.8%|EMXC.DE:21.5%|PPFB.DE:13.9%|URNU.DE:11.4%|VVSM.DE:13.7%|0P00000WLG.F:23.8%,N
2025-06-23,51495.33,-0.56%,EXPANSION,BTC-EUR:15.8%|EMXC.DE:21.5%|PPFB.DE:13.9%|URNU.DE:11.4%|VVSM.DE:13.7%|0P00000WLG.F:23.8%,N
2025-06-24,52283.80,0.00%,EXPANSION,BTC-EUR:15.8%|EMXC.DE:21.5%|PPFB.DE:13.9%|URNU.DE:11.4%|VVSM.DE:13.7%|0P00000WLG.F:23.8%,N
2025-06-25,52364.39,0.00%,EXPANSION,BTC-EUR:15.8%|EMXC.DE:21.5%|PPFB.DE:13.9%|URNU.DE:11.4%|VVSM.DE:13.7%|0P00000WLG.F:23.8%,N
2025-06-26,52708.22,0.00%,EXPANSION,BTC-EUR:15.8%|EMXC.DE:21.5%|PPFB.DE:13.9%|URNU.DE:11.4%|VVSM.DE:13.7%|0P00000WLG.F:23.8%,N
2025-06-27,52539.60,-0.32%,EXPANSION,BTC-EUR:15.8%|EMXC.DE:21.5%|PPFB.DE:13.9%|URNU.DE:11.4%|VVSM.DE:13.7%|0P00000WLG.F:23.8%,N
2025-06-28,52558.11,-0.28%,EXPANSION,BTC-EUR:15.8%|EMXC.DE:21.5%|PPFB.DE:13.9%|URNU.DE:11.4%|VVSM.DE:13.7%|0P00000WLG.F:23.8%,N
2025-06-29,52639.76,-0.13%,EXPANSION,BTC-EUR:15.8%|EMXC.DE:21.5%|PPFB.DE:13.9%|URNU.DE:11.4%|VVSM.DE:13.7%|0P00000WLG.F:23.8%,N
2025-06-30,52854.23,0.00%,EXPANSION,BTC-EUR:15.8%|EMXC.DE:21.5%|PPFB.DE:13.9%|URNU.DE:11.4%|VVSM.DE:13.7%|0P00000WLG.F:23.8%,N
2025-07-01,52517.49,-0.64%,EXPANSION,BTC-EUR:15.8%|EMXC.DE:21.5%|PPFB.DE:13.9%|URNU.DE:11.4%|VVSM.DE:13.7%|0P00000WLG.F:23.8%,N
2025-07-02,53094.97,0.00%,EXPANSION,BTC-EUR:15.8%|EMXC.DE:21.5%|PPFB.DE:13.9%|URNU.DE:11.4%|VVSM.DE:13.7%|0P00000WLG.F:23.8%,N
2025-07-03,53322.92,0.00%,EXPANSION,BTC-EUR:15.8%|EMXC.DE:21.5%|PPFB.DE:13.9%|URNU.DE:11.4%|VVSM.DE:13.7%|0P00000WLG.F:23.8%,N
2025-07-04,53199.23,-0.23%,EXPANSION,BTC-EUR:15.8%|EMXC.DE:21.5%|PPFB.DE:13.9%|URNU.DE:11.4%|VVSM.DE:13.7%|0P00000WLG.F:23.8%,N
2025-07-05,53214.51,-0.20%,EXPANSION,BTC-EUR:15.8%|EMXC.DE:21.5%|PPFB.DE:13.9%|URNU.DE:11.4%|VVSM.DE:13.7%|0P00000WLG.F:23.8%,N
2025-07-06,53292.07,-0.06%,EXPANSION,BTC-EUR:15.8%|EMXC.DE:21.5%|PPFB.DE:13.9%|URNU.DE:11.4%|VVSM.DE:13.7%|0P00000WLG.F:23.8%,N
2025-07-07,52873.72,-0.84%,EXPANSION,BTC-EUR:15.8%|EMXC.DE:21.5%|PPFB.DE:13.9%|URNU.DE:11.4%|VVSM.DE:13.7%|0P00000WLG.F:23.8%,N
2025-07-08,52868.42,-0.85%,EXPANSION,BTC-EUR:15.8%|EMXC.DE:21.5%|PPFB.DE:13.9%|URNU.DE:11.4%|VVSM.DE:13.7%|0P00000WLG.F:23.8%,N
2025-07-09,53150.98,-0.32%,EXPANSION,BTC-EUR:15.8%|EMXC.DE:21.5%|PPFB.DE:13.9%|URNU.DE:11.4%|VVSM.DE:13.7%|0P00000WLG.F:23.8%,N
2025-07-10,53667.34,0.00%,EXPANSION,BTC-EUR:15.8%|EMXC.DE:21.5%|PPFB.DE:13.9%|URNU.DE:11.4%|VVSM.DE:13.7%|0P00000WLG.F:23.8%,Y
2025-07-11,53819.88,0.00%,EXPANSION,BTC-EUR:15.3%|EMXC.DE:19.7%|PPFB.DE:13.9%|URNU.DE:11.7%|VVSM.DE:14.1%|0P00000WLG.F:25.4%,N
2025-07-12,53814.14,-0.01%,EXPANSION,BTC-EUR:15.3%|EMXC.DE:19.7%|PPFB.DE:13.9%|URNU.DE:11.7%|VVSM.DE:14.1%|0P00000WLG.F:25.4%,N
2025-07-13,53932.21,0.00%,EXPANSION,BTC-EUR:15.3%|EMXC.DE:19.7%|PPFB.DE:13.9%|URNU.DE:11.7%|VVSM.DE:14.1%|0P00000WLG.F:25.4%,N
2025-07-14,54187.56,0.00%,EXPANSION,BTC-EUR:15.3%|EMXC.DE:19.7%|PPFB.DE:13.9%|URNU.DE:11.7%|VVSM.DE:14.1%|0P00000WLG.F:25.4%,N
2025-07-15,54190.49,0.00%,EXPANSION,BTC-EUR:15.3%|EMXC.DE:19.7%|PPFB.DE:13.9%|URNU.DE:11.7%|VVSM.DE:14.1%|0P00000WLG.F:25.4%,N
2025-07-16,54480.36,0.00%,EXPANSION,BTC-EUR:15.3%|EMXC.DE:19.7%|PPFB.DE:13.9%|URNU.DE:11.7%|VVSM.DE:14.1%|0P00000WLG.F:25.4%,N
2025-07-17,54774.12,0.00%,EXPANSION,BTC-EUR:15.3%|EMXC.DE:19.7%|PPFB.DE:13.9%|URNU.DE:11.7%|VVSM.DE:14.1%|0P00000WLG.F:25.4%,N
2025-07-18,54711.75,-0.11%,EXPANSION,BTC-EUR:15.3%|EMXC.DE:19.7%|PPFB.DE:13.9%|URNU.DE:11.7%|VVSM.DE:14.1%|0P00000WLG.F:25.4%,N
2025-07-19,54707.25,-0.12%,EXPANSION,BTC-EUR:15.3%|EMXC.DE:19.7%|PPFB.DE:13.9%|URNU.DE:11.7%|VVSM.DE:14.1%|0P00000WLG.F:25.4%,N
2025-07-20,54661.80,-0.21%,EXPANSION,BTC-EUR:15.3%|EMXC.DE:19.7%|PPFB.DE:13.9%|URNU.DE:11.7%|VVSM.DE:14.1%|0P00000WLG.F:25.4%,N
2025-07-21,54773.61,-0.00%,EXPANSION,BTC-EUR:15.3%|EMXC.DE:19.7%|PPFB.DE:13.9%|URNU.DE:11.7%|VVSM.DE:14.1%|0P00000WLG.F:25.4%,N
2025-07-22,54935.84,0.00%,EXPANSION,BTC-EUR:15.3%|EMXC.DE:19.7%|PPFB.DE:13.9%|URNU.DE:11.7%|VVSM.DE:14.1%|0P00000WLG.F:25.4%,N
2025-07-23,55215.23,0.00%,EXPANSION,BTC-EUR:15.3%|EMXC.DE:19.7%|PPFB.DE:13.9%|URNU.DE:11.7%|VVSM.DE:14.1%|0P00000WLG.F:25.4%,N
2025-07-24,55251.86,0.00%,EXPANSION,BTC-EUR:15.3%|EMXC.DE:19.7%|PPFB.DE:13.9%|URNU.DE:11.7%|VVSM.DE:14.1%|0P00000WLG.F:25.4%,N
2025-07-25,55069.09,-0.33%,EXPANSION,BTC-EUR:15.3%|EMXC.DE:19.7%|PPFB.DE:13.9%|URNU.DE:11.7%|VVSM.DE:14.1%|0P00000WLG.F:25.4%,N
2025-07-26,55091.44,-0.29%,EXPANSION,BTC-EUR:15.3%|EMXC.DE:19.7%|PPFB.DE:13.9%|URNU.DE:11.7%|VVSM.DE:14.1%|0P00000WLG.F:25.4%,N
2025-07-27,55198.92,-0.10%,EXPANSION,BTC-EUR:15.3%|EMXC.DE:19.7%|PPFB.DE:13.9%|URNU.DE:11.7%|VVSM.DE:14.1%|0P00000WLG.F:25.4%,N
2025-07-28,54884.77,-0.66%,EXPANSION,BTC-EUR:15.3%|EMXC.DE:19.7%|PPFB.DE:13.9%|URNU.DE:11.7%|VVSM.DE:14.1%|0P00000WLG.F:25.4%,N
2025-07-29,54803.75,-0.81%,EXPANSION,BTC-EUR:15.3%|EMXC.DE:19.7%|PPFB.DE:13.9%|URNU.DE:11.7%|VVSM.DE:14.1%|0P00000WLG.F:25.4%,N
2025-07-30,54610.46,-1.16%,EXPANSION,BTC-EUR:15.3%|EMXC.DE:19.7%|PPFB.DE:13.9%|URNU.DE:11.7%|VVSM.DE:14.1%|0P00000WLG.F:25.4%,N
2025-07-31,54048.71,-2.18%,EXPANSION,BTC-EUR:15.3%|EMXC.DE:19.7%|PPFB.DE:13.9%|URNU.DE:11.7%|VVSM.DE:14.1%|0P00000WLG.F:25.4%,Y
2025-08-01,53456.47,-3.25%,EXPANSION,BTC-EUR:15.2%|EMXC.DE:17.0%|PPFB.DE:13.7%|URNU.DE:11.5%|VVSM.DE:14.6%|0P00000WLG.F:28.1%,N
2025-08-02,53399.78,-3.35%,EXPANSION,BTC-EUR:15.2%|EMXC.DE:17.0%|PPFB.DE:13.7%|URNU.DE:11.5%|VVSM.DE:14.6%|0P00000WLG.F:28.1%,N
2025-08-03,53521.35,-3.13%,EXPANSION,BTC-EUR:15.2%|EMXC.DE:17.0%|PPFB.DE:13.7%|URNU.DE:11.5%|VVSM.DE:14.6%|0P00000WLG.F:28.1%,N
2025-08-04,54313.54,-1.70%,EXPANSION,BTC-EUR:15.2%|EMXC.DE:17.0%|PPFB.DE:13.7%|URNU.DE:11.5%|VVSM.DE:14.6%|0P00000WLG.F:28.1%,N
2025-08-05,54291.83,-1.74%,EXPANSION,BTC-EUR:15.2%|EMXC.DE:17.0%|PPFB.DE:13.7%|URNU.DE:11.5%|VVSM.DE:14.6%|0P00000WLG.F:28.1%,N
2025-08-06,54607.97,-1.17%,EXPANSION,BTC-EUR:15.2%|EMXC.DE:17.0%|PPFB.DE:13.7%|URNU.DE:11.5%|VVSM.DE:14.6%|0P00000WLG.F:28.1%,N
2025-08-07,54974.26,-0.50%,EXPANSION,BTC-EUR:15.2%|EMXC.DE:17.0%|PPFB.DE:13.7%|URNU.DE:11.5%|VVSM.DE:14.6%|0P00000WLG.F:28.1%,N
2025-08-08,54989.45,-0.47%,EXPANSION,BTC-EUR:15.2%|EMXC.DE:17.0%|PPFB.DE:13.7%|URNU.DE:11.5%|VVSM.DE:14.6%|0P00000WLG.F:28.1%,N
2025-08-09,54976.00,-0.50%,EXPANSION,BTC-EUR:15.2%|EMXC.DE:17.0%|PPFB.DE:13.7%|URNU.DE:11.5%|VVSM.DE:14.6%|0P00000WLG.F:28.1%,N
2025-08-10,55176.66,-0.14%,EXPANSION,BTC-EUR:15.2%|EMXC.DE:17.0%|PPFB.DE:13.7%|URNU.DE:11.5%|VVSM.DE:14.6%|0P00000WLG.F:28.1%,N
2025-08-11,54899.85,-0.64%,EXPANSION,BTC-EUR:15.2%|EMXC.DE:17.0%|PPFB.DE:13.7%|URNU.DE:11.5%|VVSM.DE:14.6%|0P00000WLG.F:28.1%,N
2025-08-12,55594.60,0.00%,EXPANSION,BTC-EUR:15.2%|EMXC.DE:17.0%|PPFB.DE:13.7%|URNU.DE:11.5%|VVSM.DE:14.6%|0P00000WLG.F:28.1%,N
2025-08-13,55892.44,0.00%,EXPANSION,BTC-EUR:15.2%|EMXC.DE:17.0%|PPFB.DE:13.7%|URNU.DE:11.5%|VVSM.DE:14.6%|0P00000WLG.F:28.1%,N
2025-08-14,55318.76,-1.03%,EXPANSION,BTC-EUR:15.2%|EMXC.DE:17.0%|PPFB.DE:13.7%|URNU.DE:11.5%|VVSM.DE:14.6%|0P00000WLG.F:28.1%,N
2025-08-15,55106.43,-1.41%,EXPANSION,BTC-EUR:15.2%|EMXC.DE:17.0%|PPFB.DE:13.7%|URNU.DE:11.5%|VVSM.DE:14.6%|0P00000WLG.F:28.1%,N
2025-08-16,55113.04,-1.39%,EXPANSION,BTC-EUR:15.2%|EMXC.DE:17.0%|PPFB.DE:13.7%|URNU.DE:11.5%|VVSM.DE:14.6%|0P00000WLG.F:28.1%,N
2025-08-17,55110.32,-1.40%,EXPANSION,BTC-EUR:15.2%|EMXC.DE:17.0%|PPFB.DE:13.7%|URNU.DE:11.5%|VVSM.DE:14.6%|0P00000WLG.F:28.1%,N
2025-08-18,55113.76,-1.39%,EXPANSION,BTC-EUR:15.2%|EMXC.DE:17.0%|PPFB.DE:13.7%|URNU.DE:11.5%|VVSM.DE:14.6%|0P00000WLG.F:28.1%,N
2025-08-19,54162.61,-3.09%,EXPANSION,BTC-EUR:15.2%|EMXC.DE:17.0%|PPFB.DE:13.7%|URNU.DE:11.5%|VVSM.DE:14.6%|0P00000WLG.F:28.1%,N
2025-08-20,54181.53,-3.06%,EXPANSION,BTC-EUR:15.2%|EMXC.DE:17.0%|PPFB.DE:13.7%|URNU.DE:11.5%|VVSM.DE:14.6%|0P00000WLG.F:28.1%,N
2025-08-21,54015.14,-3.36%,EXPANSION,BTC-EUR:15.2%|EMXC.DE:17.0%|PPFB.DE:13.7%|URNU.DE:11.5%|VVSM.DE:14.6%|0P00000WLG.F:28.1%,Y
2025-08-22,55375.86,-0.92%,EXPANSION,BTC-EUR:15.0%|EMXC.DE:18.4%|PPFB.DE:14.9%|URNU.DE:11.6%|VVSM.DE:14.6%|0P00000WLG.F:25.6%,N
2025-08-23,55269.33,-1.11%,EXPANSION,BTC-EUR:15.0%|EMXC.DE:18.4%|PPFB.DE:14.9%|URNU.DE:11.6%|VVSM.DE:14.6%|0P00000WLG.F:25.6%,N
2025-08-24,55131.74,-1.36%,EXPANSION,BTC-EUR:15.0%|EMXC.DE:18.4%|PPFB.DE:14.9%|URNU.DE:11.6%|VVSM.DE:14.6%|0P00000WLG.F:25.6%,N
2025-08-25,54741.42,-2.06%,EXPANSION,BTC-EUR:15.0%|EMXC.DE:18.4%|PPFB.DE:14.9%|URNU.DE:11.6%|VVSM.DE:14.6%|0P00000WLG.F:25.6%,N
2025-08-26,55166.53,-1.30%,EXPANSION,BTC-EUR:15.0%|EMXC.DE:18.4%|PPFB.DE:14.9%|URNU.DE:11.6%|VVSM.DE:14.6%|0P00000WLG.F:25.6%,N
2025-08-27,55004.63,-1.59%,EXPANSION,BTC-EUR:15.0%|EMXC.DE:18.4%|PPFB.DE:14.9%|URNU.DE:11.6%|VVSM.DE:14.6%|0P00000WLG.F:25.6%,N
2025-08-28,55499.84,-0.70%,EXPANSION,BTC-EUR:15.0%|EMXC.DE:18.4%|PPFB.DE:14.9%|URNU.DE:11.6%|VVSM.DE:14.6%|0P00000WLG.F:25.6%,N
2025-08-29,54859.65,-1.85%,EXPANSION,BTC-EUR:15.0%|EMXC.DE:18.4%|PPFB.DE:14.9%|URNU.DE:11.6%|VVSM.DE:14.6%|0P00000WLG.F:25.6%,N
2025-08-30,54889.78,-1.79%,EXPANSION,BTC-EUR:15.0%|EMXC.DE:18.4%|PPFB.DE:14.9%|URNU.DE:11.6%|VVSM.DE:14.6%|0P00000WLG.F:25.6%,N
2025-08-31,54846.57,-1.87%,EXPANSION,BTC-EUR:15.0%|EMXC.DE:18.4%|PPFB.DE:14.9%|URNU.DE:11.6%|VVSM.DE:14.6%|0P00000WLG.F:25.6%,N
2025-09-01,54923.59,-1.73%,EXPANSION,BTC-EUR:15.0%|EMXC.DE:18.4%|PPFB.DE:14.9%|URNU.DE:11.6%|VVSM.DE:14.6%|0P00000WLG.F:25.6%,N
2025-09-02,55036.15,-1.53%,EXPANSION,BTC-EUR:15.0%|EMXC.DE:18.4%|PPFB.DE:14.9%|URNU.DE:11.6%|VVSM.DE:14.6%|0P00000WLG.F:25.6%,N
2025-09-03,55341.36,-0.99%,EXPANSION,BTC-EUR:15.0%|EMXC.DE:18.4%|PPFB.DE:14.9%|URNU.DE:11.6%|VVSM.DE:14.6%|0P00000WLG.F:25.6%,N
2025-09-04,55267.68,-1.12%,EXPANSION,BTC-EUR:15.0%|EMXC.DE:18.4%|PPFB.DE:14.9%|URNU.DE:11.6%|VVSM.DE:14.6%|0P00000WLG.F:25.6%,N
2025-09-05,55623.40,-0.48%,EXPANSION,BTC-EUR:15.0%|EMXC.DE:18.4%|PPFB.DE:14.9%|URNU.DE:11.6%|VVSM.DE:14.6%|0P00000WLG.F:25.6%,N
2025-09-06,55591.28,-0.54%,EXPANSION,BTC-EUR:15.0%|EMXC.DE:18.4%|PPFB.DE:14.9%|URNU.DE:11.6%|VVSM.DE:14.6%|0P00000WLG.F:25.6%,N
2025-09-07,55662.57,-0.41%,EXPANSION,BTC-EUR:15.0%|EMXC.DE:18.4%|PPFB.DE:14.9%|URNU.DE:11.6%|VVSM.DE:14.6%|0P00000WLG.F:25.6%,N
2025-09-08,56201.28,0.00%,EXPANSION,BTC-EUR:15.0%|EMXC.DE:18.4%|PPFB.DE:14.9%|URNU.DE:11.6%|VVSM.DE:14.6%|0P00000WLG.F:25.6%,N
2025-09-09,56327.35,0.00%,EXPANSION,BTC-EUR:15.0%|EMXC.DE:18.4%|PPFB.DE:14.9%|URNU.DE:11.6%|VVSM.DE:14.6%|0P00000WLG.F:25.6%,N
2025-09-10,56758.51,0.00%,EXPANSION,BTC-EUR:15.0%|EMXC.DE:18.4%|PPFB.DE:14.9%|URNU.DE:11.6%|VVSM.DE:14.6%|0P00000WLG.F:25.6%,N
2025-09-11,57288.91,0.00%,EXPANSION,BTC-EUR:15.0%|EMXC.DE:18.4%|PPFB.DE:14.9%|URNU.DE:11.6%|VVSM.DE:14.6%|0P00000WLG.F:25.6%,Y
2025-09-12,57237.91,-0.09%,EXPANSION,BTC-EUR:14.9%|EMXC.DE:19.7%|PPFB.DE:14.3%|URNU.DE:12.0%|VVSM.DE:13.6%|0P00000WLG.F:25.4%,N
2025-09-13,57226.79,-0.11%,EXPANSION,BTC-EUR:14.9%|EMXC.DE:19.7%|PPFB.DE:14.3%|URNU.DE:12.0%|VVSM.DE:13.6%|0P00000WLG.F:25.4%,N
2025-09-14,57186.80,-0.18%,EXPANSION,BTC-EUR:14.9%|EMXC.DE:19.7%|PPFB.DE:14.3%|URNU.DE:12.0%|VVSM.DE:13.6%|0P00000WLG.F:25.4%,N
2025-09-15,58147.24,0.00%,EXPANSION,BTC-EUR:14.9%|EMXC.DE:19.7%|PPFB.DE:14.3%|URNU.DE:12.0%|VVSM.DE:13.6%|0P00000WLG.F:25.4%,N
2025-09-16,58094.74,-0.09%,EXPANSION,BTC-EUR:14.9%|EMXC.DE:19.7%|PPFB.DE:14.3%|URNU.DE:12.0%|VVSM.DE:13.6%|0P00000WLG.F:25.4%,N
2025-09-17,57994.76,-0.26%,EXPANSION,BTC-EUR:14.9%|EMXC.DE:19.7%|PPFB.DE:14.3%|URNU.DE:12.0%|VVSM.DE:13.6%|0P00000WLG.F:25.4%,N
2025-09-18,58546.32,0.00%,EXPANSION,BTC-EUR:14.9%|EMXC.DE:19.7%|PPFB.DE:14.3%|URNU.DE:12.0%|VVSM.DE:13.6%|0P00000WLG.F:25.4%,N
2025-09-19,59085.13,0.00%,EXPANSION,BTC-EUR:14.9%|EMXC.DE:19.7%|PPFB.DE:14.3%|URNU.DE:12.0%|VVSM.DE:13.6%|0P00000WLG.F:25.4%,N
2025-09-20,59087.65,0.00%,EXPANSION,BTC-EUR:14.9%|EMXC.DE:19.7%|PPFB.DE:14.3%|URNU.DE:12.0%|VVSM.DE:13.6%|0P00000WLG.F:25.4%,N
2025-09-21,59055.95,-0.05%,EXPANSION,BTC-EUR:14.9%|EMXC.DE:19.7%|PPFB.DE:14.3%|URNU.DE:12.0%|VVSM.DE:13.6%|0P00000WLG.F:25.4%,N
2025-09-22,59423.17,0.00%,EXPANSION,BTC-EUR:14.9%|EMXC.DE:19.7%|PPFB.DE:14.3%|URNU.DE:12.0%|VVSM.DE:13.6%|0P00000WLG.F:25.4%,N
2025-09-23,59327.80,-0.16%,EXPANSION,BTC-EUR:14.9%|EMXC.DE:19.7%|PPFB.DE:14.3%|URNU.DE:12.0%|VVSM.DE:13.6%|0P00000WLG.F:25.4%,N
2025-09-24,58982.23,-0.74%,EXPANSION,BTC-EUR:14.9%|EMXC.DE:19.7%|PPFB.DE:14.3%|URNU.DE:12.0%|VVSM.DE:13.6%|0P00000WLG.F:25.4%,N
2025-09-25,58632.34,-1.33%,EXPANSION,BTC-EUR:14.9%|EMXC.DE:19.7%|PPFB.DE:14.3%|URNU.DE:12.0%|VVSM.DE:13.6%|0P00000WLG.F:25.4%,N
2025-09-26,58702.14,-1.21%,EXPANSION,BTC-EUR:14.9%|EMXC.DE:19.7%|PPFB.DE:14.3%|URNU.DE:12.0%|VVSM.DE:13.6%|0P00000WLG.F:25.4%,N
2025-09-27,58699.67,-1.22%,EXPANSION,BTC-EUR:14.9%|EMXC.DE:19.7%|PPFB.DE:14.3%|URNU.DE:12.0%|VVSM.DE:13.6%|0P00000WLG.F:25.4%,N
2025-09-28,58894.65,-0.89%,EXPANSION,BTC-EUR:14.9%|EMXC.DE:19.7%|PPFB.DE:14.3%|URNU.DE:12.0%|VVSM.DE:13.6%|0P00000WLG.F:25.4%,N
2025-09-29,59435.21,0.00%,EXPANSION,BTC-EUR:14.9%|EMXC.DE:19.7%|PPFB.DE:14.3%|URNU.DE:12.0%|VVSM.DE:13.6%|0P00000WLG.F:25.4%,N
2025-09-30,59520.31,0.00%,EXPANSION,BTC-EUR:14.9%|EMXC.DE:19.7%|PPFB.DE:14.3%|URNU.DE:12.0%|VVSM.DE:13.6%|0P00000WLG.F:25.4%,N
2025-10-01,60320.63,0.00%,EXPANSION,BTC-EUR:14.9%|EMXC.DE:19.7%|PPFB.DE:14.3%|URNU.DE:12.0%|VVSM.DE:13.6%|0P00000WLG.F:25.4%,N
2025-10-02,60919.15,0.00%,EXPANSION,BTC-EUR:14.9%|EMXC.DE:19.7%|PPFB.DE:14.3%|URNU.DE:12.0%|VVSM.DE:13.6%|0P00000WLG.F:25.4%,Y
2025-10-03,61052.82,0.00%,EXPANSION,BTC-EUR:14.9%|EMXC.DE:18.8%|PPFB.DE:14.7%|URNU.DE:11.9%|VVSM.DE:13.3%|0P00000WLG.F:26.3%,N
2025-10-04,61064.65,0.00%,EXPANSION,BTC-EUR:14.9%|EMXC.DE:18.8%|PPFB.DE:14.7%|URNU.DE:11.9%|VVSM.DE:13.3%|0P00000WLG.F:26.3%,N
2025-10-05,61145.61,0.00%,EXPANSION,BTC-EUR:14.9%|EMXC.DE:18.8%|PPFB.DE:14.7%|URNU.DE:11.9%|VVSM.DE:13.3%|0P00000WLG.F:26.3%,N
2025-10-06,61910.50,0.00%,EXPANSION,BTC-EUR:14.9%|EMXC.DE:18.8%|PPFB.DE:14.7%|URNU.DE:11.9%|VVSM.DE:13.3%|0P00000WLG.F:26.3%,N
2025-10-07,61382.90,-0.85%,EXPANSION,BTC-EUR:14.9%|EMXC.DE:18.8%|PPFB.DE:14.7%|URNU.DE:11.9%|VVSM.DE:13.3%|0P00000WLG.F:26.3%,N
2025-10-08,62038.90,0.00%,EXPANSION,BTC-EUR:14.9%|EMXC.DE:18.8%|PPFB.DE:14.7%|URNU.DE:11.9%|VVSM.DE:13.3%|0P00000WLG.F:26.3%,N
2025-10-09,61598.65,-0.71%,EXPANSION,BTC-EUR:14.9%|EMXC.DE:18.8%|PPFB.DE:14.7%|URNU.DE:11.9%|VVSM.DE:13.3%|0P00000WLG.F:26.3%,N
2025-10-10,59804.72,-3.60%,EXPANSION,BTC-EUR:14.9%|EMXC.DE:18.8%|PPFB.DE:14.7%|URNU.DE:11.9%|VVSM.DE:13.3%|0P00000WLG.F:26.3%,N
2025-10-11,59615.08,-3.91%,EXPANSION,BTC-EUR:14.9%|EMXC.DE:18.8%|PPFB.DE:14.7%|URNU.DE:11.9%|VVSM.DE:13.3%|0P00000WLG.F:26.3%,N
2025-10-12,59965.16,-3.34%,EXPANSION,BTC-EUR:14.9%|EMXC.DE:18.8%|PPFB.DE:14.7%|URNU.DE:11.9%|VVSM.DE:13.3%|0P00000WLG.F:26.3%,N
2025-10-13,61584.19,-0.73%,EXPANSION,BTC-EUR:14.9%|EMXC.DE:18.8%|PPFB.DE:14.7%|URNU.DE:11.9%|VVSM.DE:13.3%|0P00000WLG.F:26.3%,N
2025-10-14,61426.53,-0.99%,EXPANSION,BTC-EUR:14.9%|EMXC.DE:18.8%|PPFB.DE:14.7%|URNU.DE:11.9%|VVSM.DE:13.3%|0P00000WLG.F:26.3%,N
2025-10-15,62000.80,-0.06%,EXPANSION,BTC-EUR:14.9%|EMXC.DE:18.8%|PPFB.DE:14.7%|URNU.DE:11.9%|VVSM.DE:13.3%|0P00000WLG.F:26.3%,N
2025-10-16,61752.46,-0.46%,CONTRACTION,BTC-EUR:14.9%|EMXC.DE:18.8%|PPFB.DE:14.7%|URNU.DE:11.9%|VVSM.DE:13.3%|0P00000WLG.F:26.3%,N
2025-10-17,61170.51,-1.40%,EXPANSION,BTC-EUR:14.9%|EMXC.DE:18.8%|PPFB.DE:14.7%|URNU.DE:11.9%|VVSM.DE:13.3%|0P00000WLG.F:26.3%,N
2025-10-18,61233.12,-1.30%,EXPANSION,BTC-EUR:14.9%|EMXC.DE:18.8%|PPFB.DE:14.7%|URNU.DE:11.9%|VVSM.DE:13.3%|0P00000WLG.F:26.3%,N
2025-10-19,61358.25,-1.10%,EXPANSION,BTC-EUR:14.9%|EMXC.DE:18.8%|PPFB.DE:14.7%|URNU.DE:11.9%|VVSM.DE:13.3%|0P00000WLG.F:26.3%,N
2025-10-20,62268.25,0.00%,EXPANSION,BTC-EUR:14.9%|EMXC.DE:18.8%|PPFB.DE:14.7%|URNU.DE:11.9%|VVSM.DE:13.3%|0P00000WLG.F:26.3%,N
2025-10-21,60805.38,-2.35%,EXPANSION,BTC-EUR:14.9%|EMXC.DE:18.8%|PPFB.DE:14.7%|URNU.DE:11.9%|VVSM.DE:13.3%|0P00000WLG.F:26.3%,N
2025-10-22,60357.17,-3.07%,EXPANSION,BTC-EUR:14.9%|EMXC.DE:18.8%|PPFB.DE:14.7%|URNU.DE:11.9%|VVSM.DE:13.3%|0P00000WLG.F:26.3%,N
2025-10-23,61076.23,-1.91%,EXPANSION,BTC-EUR:14.9%|EMXC.DE:18.8%|PPFB.DE:14.7%|URNU.DE:11.9%|VVSM.DE:13.3%|0P00000WLG.F:26.3%,Y
2025-10-24,61706.93,-0.90%,EXPANSION,BTC-EUR:15.5%|EMXC.DE:17.4%|PPFB.DE:12.0%|URNU.DE:13.1%|VVSM.DE:12.7%|0P00000WLG.F:29.3%,N
2025-10-25,61759.26,-0.82%,EXPANSION,BTC-EUR:15.5%|EMXC.DE:17.4%|PPFB.DE:12.0%|URNU.DE:13.1%|VVSM.DE:12.7%|0P00000WLG.F:29.3%,N
2025-10-26,62001.87,-0.43%,EXPANSION,BTC-EUR:15.5%|EMXC.DE:17.4%|PPFB.DE:12.0%|URNU.DE:13.1%|VVSM.DE:12.7%|0P00000WLG.F:29.3%,N
2025-10-27,62160.31,-0.17%,EXPANSION,BTC-EUR:15.5%|EMXC.DE:17.4%|PPFB.DE:12.0%|URNU.DE:13.1%|VVSM.DE:12.7%|0P00000WLG.F:29.3%,N
2025-10-28,62792.99,0.00%,EXPANSION,BTC-EUR:15.5%|EMXC.DE:17.4%|PPFB.DE:12.0%|URNU.DE:13.1%|VVSM.DE:12.7%|0P00000WLG.F:29.3%,N
2025-10-29,62871.97,0.00%,EXPANSION,BTC-EUR:15.5%|EMXC.DE:17.4%|PPFB.DE:12.0%|URNU.DE:13.1%|VVSM.DE:12.7%|0P00000WLG.F:29.3%,N
2025-10-30,62450.82,-0.67%,EXPANSION,BTC-EUR:15.5%|EMXC.DE:17.4%|PPFB.DE:12.0%|URNU.DE:13.1%|VVSM.DE:12.7%|0P00000WLG.F:29.3%,N
2025-10-31,62363.30,-0.81%,EXPANSION,BTC-EUR:15.5%|EMXC.DE:17.4%|PPFB.DE:12.0%|URNU.DE:13.1%|VVSM.DE:12.7%|0P00000WLG.F:29.3%,N
2025-11-01,62408.09,-0.74%,EXPANSION,BTC-EUR:15.5%|EMXC.DE:17.4%|PPFB.DE:12.0%|URNU.DE:13.1%|VVSM.DE:12.7%|0P00000WLG.F:29.3%,N
2025-11-02,62458.65,-0.66%,EXPANSION,BTC-EUR:15.5%|EMXC.DE:17.4%|PPFB.DE:12.0%|URNU.DE:13.1%|VVSM.DE:12.7%|0P00000WLG.F:29.3%,N
2025-11-03,61907.08,-1.53%,EXPANSION,BTC-EUR:15.5%|EMXC.DE:17.4%|PPFB.DE:12.0%|URNU.DE:13.1%|VVSM.DE:12.7%|0P00000WLG.F:29.3%,N
2025-11-04,60185.00,-4.27%,EXPANSION,BTC-EUR:15.5%|EMXC.DE:17.4%|PPFB.DE:12.0%|URNU.DE:13.1%|VVSM.DE:12.7%|0P00000WLG.F:29.3%,N
2025-11-05,60848.81,-3.22%,EXPANSION,BTC-EUR:15.5%|EMXC.DE:17.4%|PPFB.DE:12.0%|URNU.DE:13.1%|VVSM.DE:12.7%|0P00000WLG.F:29.3%,N
2025-11-06,59715.81,-5.02%,EXPANSION,BTC-EUR:15.5%|EMXC.DE:17.4%|PPFB.DE:12.0%|URNU.DE:13.1%|VVSM.DE:12.7%|0P00000WLG.F:29.3%,N
2025-11-07,60004.22,-4.56%,EXPANSION,BTC-EUR:15.5%|EMXC.DE:17.4%|PPFB.DE:12.0%|URNU.DE:13.1%|VVSM.DE:12.7%|0P00000WLG.F:29.3%,N
2025-11-08,59906.17,-4.72%,EXPANSION,BTC-EUR:15.5%|EMXC.DE:17.4%|PPFB.DE:12.0%|URNU.DE:13.1%|VVSM.DE:12.7%|0P00000WLG.F:29.3%,N
2025-11-09,60127.35,-4.37%,EXPANSION,BTC-EUR:15.5%|EMXC.DE:17.4%|PPFB.DE:12.0%|URNU.DE:13.1%|VVSM.DE:12.7%|0P00000WLG.F:29.3%,N
2025-11-10,61286.02,-2.52%,EXPANSION,BTC-EUR:15.5%|EMXC.DE:17.4%|PPFB.DE:12.0%|URNU.DE:13.1%|VVSM.DE:12.7%|0P00000WLG.F:29.3%,N
2025-11-11,60708.14,-3.44%,EXPANSION,BTC-EUR:15.5%|EMXC.DE:17.4%|PPFB.DE:12.0%|URNU.DE:13.1%|VVSM.DE:12.7%|0P00000WLG.F:29.3%,N
2025-11-12,60883.39,-3.16%,EXPANSION,BTC-EUR:15.5%|EMXC.DE:17.4%|PPFB.DE:12.0%|URNU.DE:13.1%|VVSM.DE:12.7%|0P00000WLG.F:29.3%,N
2025-11-13,59603.38,-5.20%,EXPANSION,BTC-EUR:15.5%|EMXC.DE:17.4%|PPFB.DE:12.0%|URNU.DE:13.1%|VVSM.DE:12.7%|0P00000WLG.F:29.3%,Y
2025-11-14,58865.11,-6.37%,EXPANSION,BTC-EUR:15.7%|EMXC.DE:16.3%|PPFB.DE:13.1%|URNU.DE:13.3%|VVSM.DE:11.2%|0P00000WLG.F:30.4%,N
2025-11-15,58978.11,-6.19%,EXPANSION,BTC-EUR:15.7%|EMXC.DE:16.3%|PPFB.DE:13.1%|URNU.DE:13.3%|VVSM.DE:11.2%|0P00000WLG.F:30.4%,N
2025-11-16,58844.82,-6.41%,EXPANSION,BTC-EUR:15.7%|EMXC.DE:16.3%|PPFB.DE:13.1%|URNU.DE:13.3%|VVSM.DE:11.2%|0P00000WLG.F:30.4%,N
2025-11-17,57982.22,-7.78%,EXPANSION,BTC-EUR:7.9%|EMXC.DE:16.3%|PPFB.DE:13.1%|URNU.DE:13.3%|VVSM.DE:11.2%|0P00000WLG.F:30.4%,N
2025-11-18,57754.13,-8.14%,EXPANSION,BTC-EUR:7.9%|EMXC.DE:16.3%|PPFB.DE:13.1%|URNU.DE:13.3%|VVSM.DE:11.2%|0P00000WLG.F:30.4%,N
2025-11-19,58056.44,-7.66%,EXPANSION,BTC-EUR:7.9%|EMXC.DE:16.3%|PPFB.DE:13.1%|URNU.DE:13.3%|VVSM.DE:11.2%|0P00000WLG.F:30.4%,N
2025-11-20,56618.95,-9.95%,EXPANSION,BTC-EUR:7.9%|EMXC.DE:16.3%|PPFB.DE:13.1%|URNU.DE:13.3%|VVSM.DE:11.2%|0P00000WLG.F:30.4%,N
2025-11-21,56635.87,-9.92%,EXPANSION,BTC-EUR:7.9%|EMXC.DE:16.3%|PPFB.DE:13.1%|URNU.DE:6.7%|VVSM.DE:11.2%|0P00000WLG.F:30.4%,N
2025-11-22,56612.70,-9.96%,EXPANSION,BTC-EUR:7.9%|EMXC.DE:16.3%|PPFB.DE:13.1%|URNU.DE:6.7%|VVSM.DE:11.2%|0P00000WLG.F:30.4%,N
2025-11-23,56726.21,-9.78%,EXPANSION,BTC-EUR:7.9%|EMXC.DE:16.3%|PPFB.DE:13.1%|URNU.DE:6.7%|VVSM.DE:11.2%|0P00000WLG.F:30.4%,N
2025-11-24,57614.24,-8.36%,EXPANSION,BTC-EUR:7.9%|EMXC.DE:16.3%|PPFB.DE:13.1%|URNU.DE:6.7%|VVSM.DE:11.2%|0P00000WLG.F:30.4%,N
2025-11-25,57868.34,-7.96%,EXPANSION,BTC-EUR:7.9%|EMXC.DE:16.3%|PPFB.DE:13.1%|URNU.DE:6.7%|VVSM.DE:11.2%|0P00000WLG.F:30.4%,N
2025-11-26,58531.53,-6.90%,EXPANSION,BTC-EUR:7.9%|EMXC.DE:16.3%|PPFB.DE:13.1%|URNU.DE:6.7%|VVSM.DE:11.2%|0P00000WLG.F:30.4%,N
2025-11-27,58570.56,-6.84%,EXPANSION,BTC-EUR:7.9%|EMXC.DE:16.3%|PPFB.DE:13.1%|URNU.DE:6.7%|VVSM.DE:11.2%|0P00000WLG.F:30.4%,N
2025-11-28,58879.73,-6.35%,EXPANSION,BTC-EUR:7.9%|EMXC.DE:16.3%|PPFB.DE:13.1%|URNU.DE:6.7%|VVSM.DE:11.2%|0P00000WLG.F:30.4%,N
2025-11-29,58876.29,-6.36%,EXPANSION,BTC-EUR:7.9%|EMXC.DE:16.3%|PPFB.DE:13.1%|URNU.DE:6.7%|VVSM.DE:11.2%|0P00000WLG.F:30.4%,N
2025-11-30,58852.96,-6.39%,EXPANSION,BTC-EUR:7.9%|EMXC.DE:16.3%|PPFB.DE:13.1%|URNU.DE:6.7%|VVSM.DE:11.2%|0P00000WLG.F:30.4%,N
2025-12-01,58513.61,-6.93%,EXPANSION,BTC-EUR:7.9%|EMXC.DE:16.3%|PPFB.DE:13.1%|URNU.DE:6.7%|VVSM.DE:11.2%|0P00000WLG.F:30.4%,N
2025-12-02,58992.80,-6.17%,EXPANSION,BTC-EUR:7.9%|EMXC.DE:16.3%|PPFB.DE:13.1%|URNU.DE:6.7%|VVSM.DE:11.2%|0P00000WLG.F:30.4%,N
2025-12-03,59387.61,-5.54%,EXPANSION,BTC-EUR:7.9%|EMXC.DE:16.3%|PPFB.DE:13.1%|URNU.DE:6.7%|VVSM.DE:11.2%|0P00000WLG.F:30.4%,N
2025-12-04,59477.26,-5.40%,EXPANSION,BTC-EUR:3.9%|EMXC.DE:16.3%|PPFB.DE:13.1%|URNU.DE:3.3%|VVSM.DE:11.2%|0P00000WLG.F:30.4%,Y
2025-12-05,59144.21,-5.93%,EXPANSION,BTC-EUR:15.5%|EMXC.DE:18.2%|PPFB.DE:13.9%|URNU.DE:12.9%|VVSM.DE:9.4%|0P00000WLG.F:30.1%,N
2025-12-06,59132.37,-5.95%,EXPANSION,BTC-EUR:15.5%|EMXC.DE:18.2%|PPFB.DE:13.9%|URNU.DE:12.9%|VVSM.DE:9.4%|0P00000WLG.F:30.1%,N
2025-12-07,59248.75,-5.76%,EXPANSION,BTC-EUR:15.5%|EMXC.DE:18.2%|PPFB.DE:13.9%|URNU.DE:12.9%|VVSM.DE:9.4%|0P00000WLG.F:30.1%,N
2025-12-08,59208.94,-5.83%,EXPANSION,BTC-EUR:15.5%|EMXC.DE:18.2%|PPFB.DE:13.9%|URNU.DE:12.9%|VVSM.DE:9.4%|0P00000WLG.F:30.1%,N
2025-12-09,59496.29,-5.37%,EXPANSION,BTC-EUR:15.5%|EMXC.DE:18.2%|PPFB.DE:13.9%|URNU.DE:12.9%|VVSM.DE:9.4%|0P00000WLG.F:30.1%,N
2025-12-10,59713.41,-5.02%,EXPANSION,BTC-EUR:15.5%|EMXC.DE:18.2%|PPFB.DE:13.9%|URNU.DE:12.9%|VVSM.DE:9.4%|0P00000WLG.F:30.1%,N
2025-12-11,60033.49,-4.51%,EXPANSION,BTC-EUR:15.5%|EMXC.DE:18.2%|PPFB.DE:13.9%|URNU.DE:12.9%|VVSM.DE:9.4%|0P00000WLG.F:30.1%,N
2025-12-12,58835.64,-6.42%,EXPANSION,BTC-EUR:15.5%|EMXC.DE:18.2%|PPFB.DE:13.9%|URNU.DE:12.9%|VVSM.DE:9.4%|0P00000WLG.F:30.1%,N
2025-12-13,58838.50,-6.42%,EXPANSION,BTC-EUR:15.5%|EMXC.DE:18.2%|PPFB.DE:13.9%|URNU.DE:12.9%|VVSM.DE:9.4%|0P00000WLG.F:30.1%,N
2025-12-14,58623.98,-6.76%,EXPANSION,BTC-EUR:15.5%|EMXC.DE:18.2%|PPFB.DE:13.9%|URNU.DE:12.9%|VVSM.DE:9.4%|0P00000WLG.F:30.1%,N
2025-12-15,58182.74,-7.46%,EXPANSION,BTC-EUR:15.5%|EMXC.DE:18.2%|PPFB.DE:13.9%|URNU.DE:12.9%|VVSM.DE:9.4%|0P00000WLG.F:30.1%,N
2025-12-16,57996.20,-7.76%,EXPANSION,BTC-EUR:15.5%|EMXC.DE:18.2%|PPFB.DE:13.9%|URNU.DE:12.9%|VVSM.DE:9.4%|0P00000WLG.F:30.1%,N
2025-12-17,57174.50,-9.06%,EXPANSION,BTC-EUR:15.5%|EMXC.DE:18.2%|PPFB.DE:13.9%|URNU.DE:12.9%|VVSM.DE:9.4%|0P00000WLG.F:30.1%,N
2025-12-18,57682.20,-8.25%,EXPANSION,BTC-EUR:15.5%|EMXC.DE:18.2%|PPFB.DE:13.9%|URNU.DE:12.9%|VVSM.DE:9.4%|0P00000WLG.F:30.1%,N
2025-12-19,58680.35,-6.67%,EXPANSION,BTC-EUR:15.5%|EMXC.DE:18.2%|PPFB.DE:13.9%|URNU.DE:12.9%|VVSM.DE:9.4%|0P00000WLG.F:30.1%,N
2025-12-20,58705.19,-6.63%,EXPANSION,BTC-EUR:15.5%|EMXC.DE:18.2%|PPFB.DE:13.9%|URNU.DE:12.9%|VVSM.DE:9.4%|0P00000WLG.F:30.1%,N
2025-12-21,58733.81,-6.58%,EXPANSION,BTC-EUR:15.5%|EMXC.DE:18.2%|PPFB.DE:13.9%|URNU.DE:12.9%|VVSM.DE:9.4%|0P00000WLG.F:30.1%,N
2025-12-22,59191.31,-5.85%,EXPANSION,BTC-EUR:15.5%|EMXC.DE:18.2%|PPFB.DE:13.9%|URNU.DE:12.9%|VVSM.DE:9.4%|0P00000WLG.F:30.1%,N
2025-12-23,59452.92,-5.44%,EXPANSION,BTC-EUR:15.5%|EMXC.DE:18.2%|PPFB.DE:13.9%|URNU.DE:12.9%|VVSM.DE:9.4%|0P00000WLG.F:30.1%,N
2025-12-24,59525.91,-5.32%,EXPANSION,BTC-EUR:15.5%|EMXC.DE:18.2%|PPFB.DE:13.9%|URNU.DE:12.9%|VVSM.DE:9.4%|0P00000WLG.F:30.1%,N
2025-12-25,59477.01,-5.40%,EXPANSION,BTC-EUR:7.8%|EMXC.DE:18.2%|PPFB.DE:13.9%|URNU.DE:12.9%|VVSM.DE:9.4%|0P00000WLG.F:30.1%,Y
2025-12-26,59597.24,-5.21%,EXPANSION,BTC-EUR:15.6%|EMXC.DE:19.0%|PPFB.DE:15.3%|URNU.DE:12.5%|VVSM.DE:10.1%|0P00000WLG.F:27.5%,N
2025-12-27,59650.43,-5.12%,EXPANSION,BTC-EUR:15.6%|EMXC.DE:19.0%|PPFB.DE:15.3%|URNU.DE:12.5%|VVSM.DE:10.1%|0P00000WLG.F:27.5%,N
2025-12-28,59653.99,-5.12%,EXPANSION,BTC-EUR:15.6%|EMXC.DE:19.0%|PPFB.DE:15.3%|URNU.DE:12.5%|VVSM.DE:10.1%|0P00000WLG.F:27.5%,N
2025-12-29,59041.20,-6.09%,EXPANSION,BTC-EUR:15.6%|EMXC.DE:19.0%|PPFB.DE:15.3%|URNU.DE:12.5%|VVSM.DE:10.1%|0P00000WLG.F:27.5%,N
2025-12-30,59064.10,-6.06%,EXPANSION,BTC-EUR:15.6%|EMXC.DE:19.0%|PPFB.DE:15.3%|URNU.DE:12.5%|VVSM.DE:10.1%|0P00000WLG.F:27.5%,N
2025-12-31,58701.18,-6.63%,EXPANSION,BTC-EUR:15.6%|EMXC.DE:19.0%|PPFB.DE:15.3%|URNU.DE:12.5%|VVSM.DE:10.1%|0P00000WLG.F:27.5%,N
2026-01-01,58828.85,-6.43%,EXPANSION,BTC-EUR:15.6%|EMXC.DE:19.0%|PPFB.DE:15.3%|URNU.DE:12.5%|VVSM.DE:10.1%|0P00000WLG.F:27.5%,N
2026-01-02,60165.74,-4.30%,EXPANSION,BTC-EUR:15.6%|EMXC.DE:19.0%|PPFB.DE:15.3%|URNU.DE:12.5%|VVSM.DE:10.1%|0P00000WLG.F:27.5%,N
2026-01-03,60234.28,-4.20%,EXPANSION,BTC-EUR:15.6%|EMXC.DE:19.0%|PPFB.DE:15.3%|URNU.DE:12.5%|VVSM.DE:10.1%|0P00000WLG.F:27.5%,N
2026-01-04,60318.10,-4.06%,EXPANSION,BTC-EUR:15.6%|EMXC.DE:19.0%|PPFB.DE:15.3%|URNU.DE:12.5%|VVSM.DE:10.1%|0P00000WLG.F:27.5%,N
2026-01-05,61564.40,-2.08%,EXPANSION,BTC-EUR:15.6%|EMXC.DE:19.0%|PPFB.DE:15.3%|URNU.DE:12.5%|VVSM.DE:10.1%|0P00000WLG.F:27.5%,N
2026-01-06,62107.22,-1.22%,EXPANSION,BTC-EUR:15.6%|EMXC.DE:19.0%|PPFB.DE:15.3%|URNU.DE:12.5%|VVSM.DE:10.1%|0P00000WLG.F:27.5%,N
2026-01-07,61639.04,-1.96%,EXPANSION,BTC-EUR:15.6%|EMXC.DE:19.0%|PPFB.DE:15.3%|URNU.DE:12.5%|VVSM.DE:10.1%|0P00000WLG.F:27.5%,N
2026-01-08,61520.25,-2.15%,EXPANSION,BTC-EUR:15.6%|EMXC.DE:19.0%|PPFB.DE:15.3%|URNU.DE:12.5%|VVSM.DE:10.1%|0P00000WLG.F:27.5%,N
2026-01-09,61998.37,-1.39%,EXPANSION,BTC-EUR:15.6%|EMXC.DE:19.0%|PPFB.DE:15.3%|URNU.DE:12.5%|VVSM.DE:10.1%|0P00000WLG.F:27.5%,N
2026-01-10,61984.89,-1.41%,EXPANSION,BTC-EUR:15.6%|EMXC.DE:19.0%|PPFB.DE:15.3%|URNU.DE:12.5%|VVSM.DE:10.1%|0P00000WLG.F:27.5%,N
2026-01-11,62031.93,-1.34%,EXPANSION,BTC-EUR:15.6%|EMXC.DE:19.0%|PPFB.DE:15.3%|URNU.DE:12.5%|VVSM.DE:10.1%|0P00000WLG.F:27.5%,N
2026-01-12,62706.94,-0.26%,EXPANSION,BTC-EUR:15.6%|EMXC.DE:19.0%|PPFB.DE:15.3%|URNU.DE:12.5%|VVSM.DE:10.1%|0P00000WLG.F:27.5%,N
2026-01-13,62864.07,-0.01%,EXPANSION,BTC-EUR:15.6%|EMXC.DE:19.0%|PPFB.DE:15.3%|URNU.DE:12.5%|VVSM.DE:10.1%|0P00000WLG.F:27.5%,N
2026-01-14,63351.80,0.00%,EXPANSION,BTC-EUR:15.6%|EMXC.DE:19.0%|PPFB.DE:15.3%|URNU.DE:12.5%|VVSM.DE:10.1%|0P00000WLG.F:27.5%,N
2026-01-15,63405.64,0.00%,EXPANSION,BTC-EUR:10.1%|EMXC.DE:19.0%|PPFB.DE:15.3%|URNU.DE:12.5%|VVSM.DE:10.1%|0P00000WLG.F:27.5%,Y
2026-01-16,63613.29,0.00%,EXPANSION,BTC-EUR:15.4%|EMXC.DE:18.1%|PPFB.DE:14.2%|URNU.DE:12.1%|VVSM.DE:10.2%|0P00000WLG.F:30.0%,N
2026-01-17,63569.56,-0.07%,EXPANSION,BTC-EUR:15.4%|EMXC.DE:18.1%|PPFB.DE:14.2%|URNU.DE:12.1%|VVSM.DE:10.2%|0P00000WLG.F:30.0%,N
2026-01-18,63418.28,-0.31%,EXPANSION,BTC-EUR:15.4%|EMXC.DE:18.1%|PPFB.DE:14.2%|URNU.DE:12.1%|VVSM.DE:10.2%|0P00000WLG.F:30.0%,N
2026-01-19,63305.23,-0.48%,EXPANSION,BTC-EUR:15.4%|EMXC.DE:18.1%|PPFB.DE:14.2%|URNU.DE:12.1%|VVSM.DE:10.2%|0P00000WLG.F:30.0%,N
2026-01-20,62527.38,-1.71%,EXPANSION,BTC-EUR:15.4%|EMXC.DE:18.1%|PPFB.DE:14.2%|URNU.DE:12.1%|VVSM.DE:10.2%|0P00000WLG.F:30.0%,N
2026-01-21,63637.33,0.00%,EXPANSION,BTC-EUR:15.4%|EMXC.DE:18.1%|PPFB.DE:14.2%|URNU.DE:12.1%|VVSM.DE:10.2%|0P00000WLG.F:30.0%,N
2026-01-22,64062.48,0.00%,EXPANSION,BTC-EUR:15.4%|EMXC.DE:18.1%|PPFB.DE:14.2%|URNU.DE:12.1%|VVSM.DE:10.2%|0P00000WLG.F:30.0%,N
2026-01-23,64311.83,0.00%,EXPANSION,BTC-EUR:15.4%|EMXC.DE:18.1%|PPFB.DE:14.2%|URNU.DE:12.1%|VVSM.DE:10.2%|0P00000WLG.F:30.0%,N
2026-01-24,64268.20,-0.07%,EXPANSION,BTC-EUR:15.4%|EMXC.DE:18.1%|PPFB.DE:14.2%|URNU.DE:12.1%|VVSM.DE:10.2%|0P00000WLG.F:30.0%,N
2026-01-25,63985.46,-0.51%,EXPANSION,BTC-EUR:15.4%|EMXC.DE:18.1%|PPFB.DE:14.2%|URNU.DE:12.1%|VVSM.DE:10.2%|0P00000WLG.F:30.0%,N
2026-01-26,64135.04,-0.27%,EXPANSION,BTC-EUR:15.4%|EMXC.DE:18.1%|PPFB.DE:14.2%|URNU.DE:12.1%|VVSM.DE:10.2%|0P00000WLG.F:30.0%,N
2026-01-27,65372.80,0.00%,EXPANSION,BTC-EUR:15.4%|EMXC.DE:18.1%|PPFB.DE:14.2%|URNU.DE:12.1%|VVSM.DE:10.2%|0P00000WLG.F:30.0%,N
2026-01-28,66467.12,0.00%,EXPANSION,BTC-EUR:15.4%|EMXC.DE:18.1%|PPFB.DE:14.2%|URNU.DE:12.1%|VVSM.DE:10.2%|0P00000WLG.F:30.0%,N
2026-01-29,65590.89,-1.32%,EXPANSION,BTC-EUR:15.4%|EMXC.DE:18.1%|PPFB.DE:14.2%|URNU.DE:12.1%|VVSM.DE:10.2%|0P00000WLG.F:30.0%,N
2026-01-30,63392.75,-4.63%,EXPANSION,BTC-EUR:15.4%|EMXC.DE:18.1%|PPFB.DE:14.2%|URNU.DE:12.1%|VVSM.DE:10.2%|0P00000WLG.F:30.0%,N
2026-01-31,62751.85,-5.59%,EXPANSION,BTC-EUR:15.4%|EMXC.DE:18.1%|PPFB.DE:14.2%|URNU.DE:12.1%|VVSM.DE:10.2%|0P00000WLG.F:30.0%,N
2026-02-01,62548.88,-5.90%,EXPANSION,BTC-EUR:15.4%|EMXC.DE:18.1%|PPFB.DE:14.2%|URNU.DE:12.1%|VVSM.DE:10.2%|0P00000WLG.F:30.0%,N
2026-02-02,62378.72,-6.15%,EXPANSION,BTC-EUR:15.4%|EMXC.DE:18.1%|PPFB.DE:14.2%|URNU.DE:12.1%|VVSM.DE:10.2%|0P00000WLG.F:30.0%,N
2026-02-03,62776.22,-5.55%,EXPANSION,BTC-EUR:15.4%|EMXC.DE:18.1%|PPFB.DE:14.2%|URNU.DE:12.1%|VVSM.DE:10.2%|0P00000WLG.F:30.0%,N
2026-02-04,61458.47,-7.54%,EXPANSION,BTC-EUR:15.4%|EMXC.DE:18.1%|PPFB.DE:14.2%|URNU.DE:12.1%|VVSM.DE:10.2%|0P00000WLG.F:30.0%,N
2026-02-05,59097.22,-11.09%,EXPANSION,BTC-EUR:7.7%|EMXC.DE:18.1%|PPFB.DE:14.2%|URNU.DE:12.1%|VVSM.DE:10.2%|0P00000WLG.F:30.0%,Y
2026-02-06,61935.62,-6.82%,EXPANSION,BTC-EUR:15.6%|EMXC.DE:17.9%|PPFB.DE:11.2%|URNU.DE:12.2%|VVSM.DE:11.9%|0P00000WLG.F:31.2%,N
2026-02-07,61761.02,-7.08%,EXPANSION,BTC-EUR:15.6%|EMXC.DE:17.9%|PPFB.DE:11.2%|URNU.DE:12.2%|VVSM.DE:11.9%|0P00000WLG.F:31.2%,N
2026-02-08,61897.86,-6.87%,EXPANSION,BTC-EUR:15.6%|EMXC.DE:17.9%|PPFB.DE:11.2%|URNU.DE:12.2%|VVSM.DE:11.9%|0P00000WLG.F:31.2%,N
2026-02-09,62786.58,-5.54%,EXPANSION,BTC-EUR:15.6%|EMXC.DE:17.9%|PPFB.DE:11.2%|URNU.DE:12.2%|VVSM.DE:11.9%|0P00000WLG.F:31.2%,N
2026-02-10,62293.15,-6.28%,EXPANSION,BTC-EUR:15.6%|EMXC.DE:17.9%|PPFB.DE:11.2%|URNU.DE:12.2%|VVSM.DE:11.9%|0P00000WLG.F:31.2%,N
2026-02-11,62529.77,-5.92%,EXPANSION,BTC-EUR:15.6%|EMXC.DE:17.9%|PPFB.DE:11.2%|URNU.DE:12.2%|VVSM.DE:11.9%|0P00000WLG.F:31.2%,N
2026-02-12,61326.92,-7.73%,EXPANSION,BTC-EUR:15.6%|EMXC.DE:17.9%|PPFB.DE:11.2%|URNU.DE:12.2%|VVSM.DE:11.9%|0P00000WLG.F:31.2%,N
2026-02-13,62017.00,-6.70%,EXPANSION,BTC-EUR:15.6%|EMXC.DE:17.9%|PPFB.DE:11.2%|URNU.DE:12.2%|VVSM.DE:11.9%|0P00000WLG.F:31.2%,N
2026-02-14,62144.99,-6.50%,EXPANSION,BTC-EUR:15.6%|EMXC.DE:17.9%|PPFB.DE:11.2%|URNU.DE:12.2%|VVSM.DE:11.9%|0P00000WLG.F:31.2%,N
2026-02-15,62008.72,-6.71%,EXPANSION,BTC-EUR:15.6%|EMXC.DE:17.9%|PPFB.DE:11.2%|URNU.DE:12.2%|VVSM.DE:11.9%|0P00000WLG.F:31.2%,N
2026-02-16,62016.46,-6.70%,EXPANSION,BTC-EUR:15.6%|EMXC.DE:17.9%|PPFB.DE:11.2%|URNU.DE:12.2%|VVSM.DE:11.9%|0P00000WLG.F:31.2%,N
2026-02-17,61480.31,-7.50%,EXPANSION,BTC-EUR:15.6%|EMXC.DE:17.9%|PPFB.DE:11.2%|URNU.DE:12.2%|VVSM.DE:11.9%|0P00000WLG.F:31.2%,N
2026-02-18,61972.02,-6.76%,EXPANSION,BTC-EUR:15.6%|EMXC.DE:17.9%|PPFB.DE:11.2%|URNU.DE:12.2%|VVSM.DE:11.9%|0P00000WLG.F:31.2%,N
2026-02-19,62079.98,-6.60%,EXPANSION,BTC-EUR:15.6%|EMXC.DE:17.9%|PPFB.DE:11.2%|URNU.DE:12.2%|VVSM.DE:11.9%|0P00000WLG.F:31.2%,N
2026-02-20,62886.62,-5.39%,EXPANSION,BTC-EUR:15.6%|EMXC.DE:17.9%|PPFB.DE:11.2%|URNU.DE:12.2%|VVSM.DE:11.9%|0P00000WLG.F:31.2%,N
2026-02-21,62886.38,-5.39%,EXPANSION,BTC-EUR:15.6%|EMXC.DE:17.9%|PPFB.DE:11.2%|URNU.DE:12.2%|VVSM.DE:11.9%|0P00000WLG.F:31.2%,N
2026-02-22,62836.64,-5.46%,EXPANSION,BTC-EUR:15.6%|EMXC.DE:17.9%|PPFB.DE:11.2%|URNU.DE:12.2%|VVSM.DE:11.9%|0P00000WLG.F:31.2%,N
2026-02-23,62120.16,-6.54%,EXPANSION,BTC-EUR:15.6%|EMXC.DE:17.9%|PPFB.DE:11.2%|URNU.DE:12.2%|VVSM.DE:11.9%|0P00000WLG.F:31.2%,N
2026-02-24,62573.56,-5.86%,EXPANSION,BTC-EUR:15.6%|EMXC.DE:17.9%|PPFB.DE:11.2%|URNU.DE:12.2%|VVSM.DE:11.9%|0P00000WLG.F:31.2%,N
2026-02-25,63591.92,-4.33%,EXPANSION,BTC-EUR:15.6%|EMXC.DE:17.9%|PPFB.DE:11.2%|URNU.DE:12.2%|VVSM.DE:11.9%|0P00000WLG.F:31.2%,N
2026-02-26,63094.98,-5.07%,EXPANSION,BTC-EUR:7.8%|EMXC.DE:17.9%|PPFB.DE:11.2%|URNU.DE:12.2%|VVSM.DE:11.9%|0P00000WLG.F:31.2%,Y
2026-02-27,62671.30,-5.71%,EXPANSION,BTC-EUR:16.6%|EMXC.DE:17.0%|PPFB.DE:11.8%|URNU.DE:12.8%|VVSM.DE:10.7%|0P00000WLG.F:31.2%,N
2026-02-28,62846.70,-5.45%,EXPANSION,BTC-EUR:16.6%|EMXC.DE:17.0%|PPFB.DE:11.8%|URNU.DE:12.8%|VVSM.DE:10.7%|0P00000WLG.F:31.2%,N
2026-03-01,62651.42,-5.74%,EXPANSION,BTC-EUR:16.6%|EMXC.DE:17.0%|PPFB.DE:11.8%|URNU.DE:12.8%|VVSM.DE:10.7%|0P00000WLG.F:31.2%,N
2026-03-02,63286.04,-4.79%,EXPANSION,BTC-EUR:16.6%|EMXC.DE:17.0%|PPFB.DE:11.8%|URNU.DE:12.8%|VVSM.DE:10.7%|0P00000WLG.F:31.2%,N
2026-03-03,61140.09,-8.01%,EXPANSION,BTC-EUR:16.6%|EMXC.DE:17.0%|PPFB.DE:11.8%|URNU.DE:12.8%|VVSM.DE:10.7%|0P00000WLG.F:31.2%,N
2026-03-04,62376.79,-6.15%,EXPANSION,BTC-EUR:16.6%|EMXC.DE:17.0%|PPFB.DE:11.8%|URNU.DE:12.8%|VVSM.DE:10.7%|0P00000WLG.F:31.2%,N
2026-03-05,61117.95,-8.05%,EXPANSION,BTC-EUR:16.6%|EMXC.DE:17.0%|PPFB.DE:11.8%|URNU.DE:12.8%|VVSM.DE:10.7%|0P00000WLG.F:31.2%,N
2026-03-06,60132.10,-9.53%,EXPANSION,BTC-EUR:16.6%|EMXC.DE:17.0%|PPFB.DE:11.8%|URNU.DE:12.8%|VVSM.DE:10.7%|0P00000WLG.F:31.2%,N
2026-03-07,60005.91,-9.72%,EXPANSION,BTC-EUR:16.6%|EMXC.DE:17.0%|PPFB.DE:11.8%|URNU.DE:12.8%|VVSM.DE:10.7%|0P00000WLG.F:31.2%,N
2026-03-08,59813.57,-10.01%,EXPANSION,BTC-EUR:16.6%|EMXC.DE:17.0%|PPFB.DE:11.8%|URNU.DE:12.8%|VVSM.DE:10.7%|0P00000WLG.F:31.2%,N
2026-03-09,61102.55,-8.07%,EXPANSION,BTC-EUR:16.6%|EMXC.DE:17.0%|PPFB.DE:11.8%|URNU.DE:12.8%|VVSM.DE:10.7%|0P00000WLG.F:31.2%,N
2026-03-10,61679.51,-7.20%,EXPANSION,BTC-EUR:16.6%|EMXC.DE:17.0%|PPFB.DE:11.8%|URNU.DE:12.8%|VVSM.DE:10.7%|0P00000WLG.F:31.2%,N
2026-03-11,61605.23,-7.31%,EXPANSION,BTC-EUR:16.6%|EMXC.DE:17.0%|PPFB.DE:11.8%|URNU.DE:12.8%|VVSM.DE:10.7%|0P00000WLG.F:31.2%,N
2026-03-12,60571.23,-8.87%,EXPANSION,BTC-EUR:16.6%|EMXC.DE:17.0%|PPFB.DE:11.8%|URNU.DE:12.8%|VVSM.DE:10.7%|0P00000WLG.F:31.2%,N
2026-03-13,60135.71,-9.53%,EXPANSION,BTC-EUR:16.6%|EMXC.DE:17.0%|PPFB.DE:11.8%|URNU.DE:12.8%|VVSM.DE:10.7%|0P00000WLG.F:31.2%,N
2026-03-14,60170.26,-9.47%,EXPANSION,BTC-EUR:16.6%|EMXC.DE:17.0%|PPFB.DE:11.8%|URNU.DE:12.8%|VVSM.DE:10.7%|0P00000WLG.F:31.2%,N
2026-03-15,60390.56,-9.14%,EXPANSION,BTC-EUR:16.6%|EMXC.DE:17.0%|PPFB.DE:11.8%|URNU.DE:12.8%|VVSM.DE:10.7%|0P00000WLG.F:31.2%,N
2026-03-16,61404.21,-7.62%,EXPANSION,BTC-EUR:16.6%|EMXC.DE:17.0%|PPFB.DE:11.8%|URNU.DE:12.8%|VVSM.DE:10.7%|0P00000WLG.F:31.2%,N
2026-03-17,61510.10,-7.46%,EXPANSION,BTC-EUR:16.6%|EMXC.DE:17.0%|PPFB.DE:11.8%|URNU.DE:12.8%|VVSM.DE:10.7%|0P00000WLG.F:31.2%,N
2026-03-18,60138.08,-9.52%,EXPANSION,BTC-EUR:16.6%|EMXC.DE:17.0%|PPFB.DE:11.8%|URNU.DE:6.4%|VVSM.DE:10.7%|0P00000WLG.F:31.2%,N
2026-03-19,59566.14,-10.38%,EXPANSION,BTC-EUR:8.3%|EMXC.DE:17.0%|PPFB.DE:11.8%|URNU.DE:3.2%|VVSM.DE:10.7%|0P00000WLG.F:31.2%,Y
2026-03-20,58380.69,-12.17%,EXPANSION,BTC-EUR:16.0%|EMXC.DE:13.9%|PPFB.DE:5.7%|URNU.DE:12.0%|VVSM.DE:11.7%|0P00000WLG.F:29.4%,N
2026-03-21,58140.86,-12.53%,EXPANSION,BTC-EUR:16.0%|EMXC.DE:13.9%|PPFB.DE:5.7%|URNU.DE:12.0%|VVSM.DE:11.7%|0P00000WLG.F:29.4%,N
2026-03-22,58023.60,-12.70%,EXPANSION,BTC-EUR:16.0%|EMXC.DE:13.9%|PPFB.DE:5.7%|URNU.DE:12.0%|VVSM.DE:11.7%|0P00000WLG.F:29.4%,N
2026-03-23,59226.55,-10.89%,EXPANSION,BTC-EUR:16.0%|EMXC.DE:13.9%|PPFB.DE:5.7%|URNU.DE:12.0%|VVSM.DE:11.7%|0P00000WLG.F:29.4%,N
2026-03-24,59057.95,-11.15%,EXPANSION,BTC-EUR:16.0%|EMXC.DE:13.9%|PPFB.DE:5.7%|URNU.DE:12.0%|VVSM.DE:11.7%|0P00000WLG.F:29.4%,N
2026-03-25,59715.48,-10.16%,EXPANSION,BTC-EUR:16.0%|EMXC.DE:13.9%|PPFB.DE:5.7%|URNU.DE:12.0%|VVSM.DE:11.7%|0P00000WLG.F:29.4%,N
2026-03-26,58014.07,-12.72%,EXPANSION,BTC-EUR:16.0%|EMXC.DE:13.9%|PPFB.DE:5.7%|URNU.DE:12.0%|VVSM.DE:11.7%|0P00000WLG.F:29.4%,N
2026-03-27,57381.99,-13.67%,CONTRACTION,BTC-EUR:16.0%|EMXC.DE:13.9%|PPFB.DE:5.7%|URNU.DE:12.0%|VVSM.DE:11.7%|0P00000WLG.F:29.4%,N
2026-03-28,57379.40,-13.67%,CONTRACTION,BTC-EUR:16.0%|EMXC.DE:13.9%|PPFB.DE:5.7%|URNU.DE:12.0%|VVSM.DE:11.7%|0P00000WLG.F:29.4%,N
2026-03-29,57328.92,-13.75%,CONTRACTION,BTC-EUR:16.0%|EMXC.DE:13.9%|PPFB.DE:5.7%|URNU.DE:12.0%|VVSM.DE:11.7%|0P00000WLG.F:29.4%,N
2026-03-30,56910.90,-14.38%,CONTRACTION,BTC-EUR:16.0%|EMXC.DE:13.9%|PPFB.DE:5.7%|URNU.DE:12.0%|VVSM.DE:11.7%|0P00000WLG.F:29.4%,N
2026-03-31,58883.17,-11.41%,EXPANSION,BTC-EUR:16.0%|EMXC.DE:13.9%|PPFB.DE:5.7%|URNU.DE:12.0%|VVSM.DE:11.7%|0P00000WLG.F:29.4%,N
2026-04-01,59431.96,-10.58%,EXPANSION,BTC-EUR:16.0%|EMXC.DE:13.9%|PPFB.DE:5.7%|URNU.DE:12.0%|VVSM.DE:11.7%|0P00000WLG.F:29.4%,N
2026-04-02,59053.48,-11.15%,EXPANSION,BTC-EUR:16.0%|EMXC.DE:13.9%|PPFB.DE:5.7%|URNU.DE:12.0%|VVSM.DE:11.7%|0P00000WLG.F:29.4%,N
2026-04-03,59059.49,-11.14%,EXPANSION,BTC-EUR:16.0%|EMXC.DE:13.9%|PPFB.DE:5.7%|URNU.DE:12.0%|VVSM.DE:11.7%|0P00000WLG.F:29.4%,N
2026-04-04,59110.22,-11.07%,EXPANSION,BTC-EUR:16.0%|EMXC.DE:13.9%|PPFB.DE:5.7%|URNU.DE:12.0%|VVSM.DE:11.7%|0P00000WLG.F:29.4%,N
2026-04-05,59347.89,-10.71%,EXPANSION,BTC-EUR:16.0%|EMXC.DE:13.9%|PPFB.DE:5.7%|URNU.DE:12.0%|VVSM.DE:11.7%|0P00000WLG.F:29.4%,N
2026-04-06,59492.10,-10.49%,EXPANSION,BTC-EUR:16.0%|EMXC.DE:13.9%|PPFB.DE:5.7%|URNU.DE:12.0%|VVSM.DE:11.7%|0P00000WLG.F:29.4%,N
2026-04-07,59947.30,-9.81%,EXPANSION,BTC-EUR:16.0%|EMXC.DE:13.9%|PPFB.DE:5.7%|URNU.DE:12.0%|VVSM.DE:11.7%|0P00000WLG.F:29.4%,N
2026-04-08,61737.74,-7.12%,EXPANSION,BTC-EUR:16.0%|EMXC.DE:13.9%|PPFB.DE:5.7%|URNU.DE:12.0%|VVSM.DE:11.7%|0P00000WLG.F:29.4%,N